Month,Sector,Returns
8/31/2019,Communication Services,-0.017846355
7/31/2019,Communication Services,0.035344757
6/30/2019,Communication Services,0.040304606
5/31/2019,Communication Services,-0.057190092
4/30/2019,Communication Services,0.063911788
3/31/2019,Communication Services,0.022690162
2/28/2019,Communication Services,0.009903922
1/31/2019,Communication Services,0.103608689
12/31/2018,Communication Services,-0.073572889
11/30/2018,Communication Services,-0.006881386
10/31/2018,Communication Services,-0.057946981
9/30/2018,Communication Services,0.019833958
8/31/2018,Communication Services,0.035308499
7/31/2018,Communication Services,0.021799191
6/30/2018,Communication Services,0.025832644
5/31/2018,Communication Services,-0.024973948
4/30/2018,Communication Services,-0.006486455
3/31/2018,Communication Services,-0.010552011
2/28/2018,Communication Services,-0.068168544
1/31/2018,Communication Services,0.005649101
12/31/2017,Communication Services,0.051688953
11/30/2017,Communication Services,0.053662213
10/31/2017,Communication Services,-0.069511626
9/30/2017,Communication Services,0.02831745
8/31/2017,Communication Services,-0.02285049
7/31/2017,Communication Services,0.05760543
6/30/2017,Communication Services,-0.030831246
5/31/2017,Communication Services,-0.012153941
4/30/2017,Communication Services,-0.02395896
3/31/2017,Communication Services,-0.009385043
2/28/2017,Communication Services,-0.004124895
1/31/2017,Communication Services,-0.017812331
12/31/2016,Communication Services,0.077948724
11/30/2016,Communication Services,0.036350721
10/31/2016,Communication Services,-0.057476343
9/30/2016,Communication Services,-0.007069342
8/31/2016,Communication Services,-0.054742907
7/31/2016,Communication Services,0.015061721
6/30/2016,Communication Services,0.090079524
5/31/2016,Communication Services,0.002133588
4/30/2016,Communication Services,-0.017079001
3/31/2016,Communication Services,0.061700941
2/29/2016,Communication Services,0.024678477
1/31/2016,Communication Services,0.056667776
12/31/2015,Communication Services,0.016470721
11/30/2015,Communication Services,-0.018069896
10/31/2015,Communication Services,0.07218183
9/30/2015,Communication Services,-0.038936916
8/31/2015,Communication Services,-0.029972044
7/31/2015,Communication Services,4.73E-05
6/30/2015,Communication Services,-0.020863814
5/31/2015,Communication Services,-0.015674391
4/30/2015,Communication Services,0.054470972
3/31/2015,Communication Services,-0.036030186
2/28/2015,Communication Services,0.066322603
1/31/2015,Communication Services,-0.008685046
12/31/2014,Communication Services,-0.060573268
11/30/2014,Communication Services,0.012621057
10/31/2014,Communication Services,0.010229484
9/30/2014,Communication Services,0.002756364
8/31/2014,Communication Services,-0.010954333
7/31/2014,Communication Services,0.030268355
6/30/2014,Communication Services,-0.009332927
5/31/2014,Communication Services,0.038078407
4/30/2014,Communication Services,0.010652154
3/31/2014,Communication Services,0.045495487
2/28/2014,Communication Services,-0.006679904
1/31/2014,Communication Services,-0.033017284
12/31/2013,Communication Services,0.009021202
11/30/2013,Communication Services,-0.022732913
10/31/2013,Communication Services,0.082684179
9/30/2013,Communication Services,0.001970502
8/31/2013,Communication Services,-0.037715166
7/31/2013,Communication Services,0.007364313
6/30/2013,Communication Services,0.019280687
5/31/2013,Communication Services,-0.065748329
4/30/2013,Communication Services,0.071062064
3/31/2013,Communication Services,0.032366743
2/28/2013,Communication Services,0.019785856
1/31/2013,Communication Services,0.031725199
12/31/2012,Communication Services,-0.004065736
11/30/2012,Communication Services,-0.010036733
10/31/2012,Communication Services,-0.042018044
9/30/2012,Communication Services,0.041848586
8/31/2012,Communication Services,-0.021812205
7/31/2012,Communication Services,0.060389655
6/30/2012,Communication Services,0.055613575
5/31/2012,Communication Services,0.019770947
4/30/2012,Communication Services,0.046003106
3/31/2012,Communication Services,0.014255005
2/29/2012,Communication Services,0.039182051
1/31/2012,Communication Services,-0.019328593
12/31/2011,Communication Services,0.036054195
11/30/2011,Communication Services,0.006757072
10/31/2011,Communication Services,0.032182527
9/30/2011,Communication Services,-0.02589645
8/31/2011,Communication Services,-0.018391605
7/31/2011,Communication Services,-0.054179951
6/30/2011,Communication Services,-0.013126494
5/31/2011,Communication Services,0.02000087
4/30/2011,Communication Services,0.017717526
3/31/2011,Communication Services,0.047306134
2/28/2011,Communication Services,0.0235491
1/31/2011,Communication Services,-0.025757696
12/31/2010,Communication Services,0.075446297
11/30/2010,Communication Services,-0.015561163
10/31/2010,Communication Services,0.010283887
9/30/2010,Communication Services,0.083224439
8/31/2010,Communication Services,0.015029009
7/31/2010,Communication Services,0.092597114
6/30/2010,Communication Services,-0.007604038
5/31/2010,Communication Services,-0.043397667
4/30/2010,Communication Services,4.54E-05
3/31/2010,Communication Services,0.055967533
2/28/2010,Communication Services,-0.00569765
1/31/2010,Communication Services,-0.080581461
12/31/2009,Communication Services,0.053742238
11/30/2009,Communication Services,0.069139137
10/31/2009,Communication Services,-0.039797536
9/30/2009,Communication Services,0.040746624
8/31/2009,Communication Services,-0.024106098
7/31/2009,Communication Services,0.049861772
6/30/2009,Communication Services,0.006804628
5/31/2009,Communication Services,-0.006225932
4/30/2009,Communication Services,0.041374355
3/31/2009,Communication Services,0.065171528
2/28/2009,Communication Services,-0.032639198
1/31/2009,Communication Services,-0.089795585
12/31/2008,Communication Services,0.013532122
11/30/2008,Communication Services,0.045274529
10/31/2008,Communication Services,-0.106010646
9/30/2008,Communication Services,-0.133568036
8/31/2008,Communication Services,0.027304196
7/31/2008,Communication Services,-0.048437932
6/30/2008,Communication Services,-0.113938609
5/31/2008,Communication Services,0.039495749
4/30/2008,Communication Services,0.05765141
3/31/2008,Communication Services,0.038701895
2/29/2008,Communication Services,-0.094886574
1/31/2008,Communication Services,-0.092357681
12/31/2007,Communication Services,0.025742209
11/30/2007,Communication Services,-0.070618188
10/31/2007,Communication Services,-0.015975701
9/30/2007,Communication Services,0.045362706
8/31/2007,Communication Services,-0.00488738
7/31/2007,Communication Services,-0.01963721
6/30/2007,Communication Services,-0.022527573
5/31/2007,Communication Services,0.093845694
4/30/2007,Communication Services,0.00681398
3/31/2007,Communication Services,0.033855971
2/28/2007,Communication Services,-0.009211817
1/31/2007,Communication Services,0.042822002
12/31/2006,Communication Services,0.041868154
11/30/2006,Communication Services,-0.008670847
10/31/2006,Communication Services,0.041231224
9/30/2006,Communication Services,0.042755008
8/31/2006,Communication Services,0.016751567
7/31/2006,Communication Services,0.029444195
6/30/2006,Communication Services,0.044520791
5/31/2006,Communication Services,-0.046575058
4/30/2006,Communication Services,-0.011422724
3/31/2006,Communication Services,0.033186139
2/28/2006,Communication Services,0.057982948
1/31/2006,Communication Services,0.048158892
12/31/2005,Communication Services,-0.030439382
11/30/2005,Communication Services,0.048594684
10/31/2005,Communication Services,-0.012544463
9/30/2005,Communication Services,-0.009753753
8/31/2005,Communication Services,-0.021650586
7/31/2005,Communication Services,0.040203335
6/30/2005,Communication Services,0.020886593
5/31/2005,Communication Services,0.00944341
4/30/2005,Communication Services,0.00566312
3/31/2005,Communication Services,-0.017959118
2/28/2005,Communication Services,0.008024678
1/31/2005,Communication Services,-0.062393637
12/31/2004,Communication Services,0.025798287
11/30/2004,Communication Services,0.040557276
10/31/2004,Communication Services,0.017154511
9/30/2004,Communication Services,0.013753955
8/31/2004,Communication Services,0.009409534
7/31/2004,Communication Services,0.032914954
6/30/2004,Communication Services,0.029847272
5/31/2004,Communication Services,-0.03618041
4/30/2004,Communication Services,-0.009479647
3/31/2004,Communication Services,-0.014447297
2/29/2004,Communication Services,0.002981623
1/31/2004,Communication Services,0.042390565
12/31/2003,Communication Services,0.08318709
11/30/2003,Communication Services,-0.013852007
10/31/2003,Communication Services,0.058343695
9/30/2003,Communication Services,-0.040421975
8/31/2003,Communication Services,0.004076212
7/31/2003,Communication Services,-0.05191472
6/30/2003,Communication Services,0.033801655
5/31/2003,Communication Services,0.069585075
4/30/2003,Communication Services,0.101173278
3/31/2003,Communication Services,-0.000865874
2/28/2003,Communication Services,-0.083906714
1/31/2003,Communication Services,-0.063752171
12/31/2002,Communication Services,-0.074095723
11/30/2002,Communication Services,0.102677323
10/31/2002,Communication Services,0.312424548
9/30/2002,Communication Services,-0.1397666
8/31/2002,Communication Services,-0.021535762
7/31/2002,Communication Services,-0.121076915
6/30/2002,Communication Services,-0.11978783
5/31/2002,Communication Services,0.040909161
4/30/2002,Communication Services,-0.13228205
3/31/2002,Communication Services,-0.015490352
2/28/2002,Communication Services,-0.048483255
1/31/2002,Communication Services,-0.062103905
12/31/2001,Communication Services,0.019869303
11/30/2001,Communication Services,0.011937797
10/31/2001,Communication Services,-0.128714011
9/30/2001,Communication Services,0.048535071
8/31/2001,Communication Services,-0.091709738
7/31/2001,Communication Services,0.011295889
6/30/2001,Communication Services,-0.031939485
5/31/2001,Communication Services,-0.023579186
4/30/2001,Communication Services,0.047129989
3/31/2001,Communication Services,-0.072293529
2/28/2001,Communication Services,-0.094375664
1/31/2001,Communication Services,0.130225112
12/31/2000,Communication Services,-0.075269743
11/30/2000,Communication Services,-0.133521705
10/31/2000,Communication Services,0.050192654
9/30/2000,Communication Services,-0.001295865
8/31/2000,Communication Services,-0.020730479
7/31/2000,Communication Services,-0.045225678
6/30/2000,Communication Services,-0.007258636
5/31/2000,Communication Services,-0.101511138
4/30/2000,Communication Services,-0.070493173
3/31/2000,Communication Services,0.091160755
2/29/2000,Communication Services,-0.059748957
1/31/2000,Communication Services,-0.026534518
12/31/1999,Communication Services,0.000513264
11/30/1999,Communication Services,0.034418266
10/31/1999,Communication Services,0.077087765
9/30/1999,Communication Services,0.026112491
8/31/1999,Communication Services,-0.090245009
7/31/1999,Communication Services,-0.016457664
6/30/1999,Communication Services,0.057578577
5/31/1999,Communication Services,0.006260198
4/30/1999,Communication Services,0.049121742
3/31/1999,Communication Services,-0.011020386
2/28/1999,Communication Services,-0.027470828
1/31/1999,Communication Services,0.088633099
8/31/2019,Consumer Discretionary,-0.016262568
7/31/2019,Consumer Discretionary,0.01108761
6/30/2019,Consumer Discretionary,0.077354795
5/31/2019,Consumer Discretionary,-0.079088453
4/30/2019,Consumer Discretionary,0.053799593
3/31/2019,Consumer Discretionary,0.027756543
2/28/2019,Consumer Discretionary,0.014391446
1/31/2019,Consumer Discretionary,0.100103391
12/31/2018,Consumer Discretionary,-0.088379558
11/30/2018,Consumer Discretionary,0.025312412
10/31/2018,Consumer Discretionary,-0.105995727
9/30/2018,Consumer Discretionary,0.004604634
8/31/2018,Consumer Discretionary,0.048544322
7/31/2018,Consumer Discretionary,0.012158915
6/30/2018,Consumer Discretionary,0.037432457
5/31/2018,Consumer Discretionary,0.021221244
4/30/2018,Consumer Discretionary,0.020270248
3/31/2018,Consumer Discretionary,-0.023361641
2/28/2018,Consumer Discretionary,-0.036439583
1/31/2018,Consumer Discretionary,0.083262912
12/31/2017,Consumer Discretionary,0.021896647
11/30/2017,Consumer Discretionary,0.049969398
10/31/2017,Consumer Discretionary,0.016972121
9/30/2017,Consumer Discretionary,0.016647956
8/31/2017,Consumer Discretionary,-0.017080394
7/31/2017,Consumer Discretionary,0.014124829
6/30/2017,Consumer Discretionary,-0.004131816
5/31/2017,Consumer Discretionary,0.008639953
4/30/2017,Consumer Discretionary,0.025280922
3/31/2017,Consumer Discretionary,0.022388796
2/28/2017,Consumer Discretionary,0.017541277
1/31/2017,Consumer Discretionary,0.036669701
12/31/2016,Consumer Discretionary,0.002157441
11/30/2016,Consumer Discretionary,0.053441347
10/31/2016,Consumer Discretionary,-0.024312522
9/30/2016,Consumer Discretionary,-0.002640161
8/31/2016,Consumer Discretionary,-0.010923954
7/31/2016,Consumer Discretionary,0.048515661
6/30/2016,Consumer Discretionary,-0.010245224
5/31/2016,Consumer Discretionary,-0.002261104
4/30/2016,Consumer Discretionary,-0.000328409
3/31/2016,Consumer Discretionary,0.068304985
2/29/2016,Consumer Discretionary,0.008410166
1/31/2016,Consumer Discretionary,-0.054774089
12/31/2015,Consumer Discretionary,-0.027053465
11/30/2015,Consumer Discretionary,-0.00479146
10/31/2015,Consumer Discretionary,0.07705214
9/30/2015,Consumer Discretionary,-0.014765393
8/31/2015,Consumer Discretionary,-0.063793881
7/31/2015,Consumer Discretionary,0.038919996
6/30/2015,Consumer Discretionary,0.006287016
5/31/2015,Consumer Discretionary,0.012433256
4/30/2015,Consumer Discretionary,-0.005072132
3/31/2015,Consumer Discretionary,-0.000424892
2/28/2015,Consumer Discretionary,0.080709815
1/31/2015,Consumer Discretionary,-0.03100573
12/31/2014,Consumer Discretionary,0.007904127
11/30/2014,Consumer Discretionary,0.054434207
10/31/2014,Consumer Discretionary,0.024224517
9/30/2014,Consumer Discretionary,-0.029333053
8/31/2014,Consumer Discretionary,0.044089537
7/31/2014,Consumer Discretionary,-0.019822215
6/30/2014,Consumer Discretionary,0.025462295
5/31/2014,Consumer Discretionary,0.023691619
4/30/2014,Consumer Discretionary,-0.017231143
3/31/2014,Consumer Discretionary,-0.024384704
2/28/2014,Consumer Discretionary,0.064153605
1/31/2014,Consumer Discretionary,-0.057259097
12/31/2013,Consumer Discretionary,0.024627837
11/30/2013,Consumer Discretionary,0.035160911
10/31/2013,Consumer Discretionary,0.041488997
9/30/2013,Consumer Discretionary,0.057802858
8/31/2013,Consumer Discretionary,-0.026072843
7/31/2013,Consumer Discretionary,0.054396809
6/30/2013,Consumer Discretionary,0.00704381
5/31/2013,Consumer Discretionary,0.034264621
4/30/2013,Consumer Discretionary,0.02987783
3/31/2013,Consumer Discretionary,0.04867299
2/28/2013,Consumer Discretionary,0.009491517
1/31/2013,Consumer Discretionary,0.060372809
12/31/2012,Consumer Discretionary,0.010194615
11/30/2012,Consumer Discretionary,0.027490957
10/31/2012,Consumer Discretionary,-0.008266512
9/30/2012,Consumer Discretionary,0.031313661
8/31/2012,Consumer Discretionary,0.048766621
7/31/2012,Consumer Discretionary,-0.001786337
6/30/2012,Consumer Discretionary,0.015036843
5/31/2012,Consumer Discretionary,-0.058336791
4/30/2012,Consumer Discretionary,0.006018454
3/31/2012,Consumer Discretionary,0.041549527
2/29/2012,Consumer Discretionary,0.052586383
1/31/2012,Consumer Discretionary,0.064804132
12/31/2011,Consumer Discretionary,0.008914709
11/30/2011,Consumer Discretionary,-0.012581837
10/31/2011,Consumer Discretionary,0.129669873
9/30/2011,Consumer Discretionary,-0.077256102
8/31/2011,Consumer Discretionary,-0.061652087
7/31/2011,Consumer Discretionary,-0.018888498
6/30/2011,Consumer Discretionary,-0.004845178
5/31/2011,Consumer Discretionary,-0.00154716
4/30/2011,Consumer Discretionary,0.039204997
3/31/2011,Consumer Discretionary,0.000166374
2/28/2011,Consumer Discretionary,0.056337973
1/31/2011,Consumer Discretionary,-0.008154922
12/31/2010,Consumer Discretionary,0.043534281
11/30/2010,Consumer Discretionary,0.032704351
10/31/2010,Consumer Discretionary,0.053353513
9/30/2010,Consumer Discretionary,0.12237748
8/31/2010,Consumer Discretionary,-0.048266447
7/31/2010,Consumer Discretionary,0.07981756
6/30/2010,Consumer Discretionary,-0.100762726
5/31/2010,Consumer Discretionary,-0.070843609
4/30/2010,Consumer Discretionary,0.061962257
3/31/2010,Consumer Discretionary,0.085298715
2/28/2010,Consumer Discretionary,0.059893683
1/31/2010,Consumer Discretionary,-0.026195387
12/31/2009,Consumer Discretionary,0.050252502
11/30/2009,Consumer Discretionary,0.061637019
10/31/2009,Consumer Discretionary,-0.032730593
9/30/2009,Consumer Discretionary,0.05658174
8/31/2009,Consumer Discretionary,0.041437679
7/31/2009,Consumer Discretionary,0.100768186
6/30/2009,Consumer Discretionary,0.007501714
5/31/2009,Consumer Discretionary,-0.005167985
4/30/2009,Consumer Discretionary,0.197342133
3/31/2009,Consumer Discretionary,0.125920764
2/28/2009,Consumer Discretionary,-0.077124054
1/31/2009,Consumer Discretionary,-0.099816734
12/31/2008,Consumer Discretionary,0.063110152
11/30/2008,Consumer Discretionary,-0.112302032
10/31/2008,Consumer Discretionary,-0.214272655
9/30/2008,Consumer Discretionary,-0.086455715
8/31/2008,Consumer Discretionary,0.066717974
7/31/2008,Consumer Discretionary,0.004564853
6/30/2008,Consumer Discretionary,-0.127457786
5/31/2008,Consumer Discretionary,0.009277399
4/30/2008,Consumer Discretionary,0.042644597
3/31/2008,Consumer Discretionary,-0.011402272
2/29/2008,Consumer Discretionary,-0.047773418
1/31/2008,Consumer Discretionary,-0.022942519
12/31/2007,Consumer Discretionary,-0.047839543
11/30/2007,Consumer Discretionary,-0.06300127
10/31/2007,Consumer Discretionary,0.003920958
9/30/2007,Consumer Discretionary,-0.001873715
8/31/2007,Consumer Discretionary,0.004952329
7/31/2007,Consumer Discretionary,-0.058117417
6/30/2007,Consumer Discretionary,-0.018693121
5/31/2007,Consumer Discretionary,0.03029761
4/30/2007,Consumer Discretionary,0.023969438
3/31/2007,Consumer Discretionary,-0.000930811
2/28/2007,Consumer Discretionary,-0.022676797
1/31/2007,Consumer Discretionary,0.032638385
12/31/2006,Consumer Discretionary,0.019614857
11/30/2006,Consumer Discretionary,0.019821381
10/31/2006,Consumer Discretionary,0.062083185
9/30/2006,Consumer Discretionary,0.057590038
8/31/2006,Consumer Discretionary,0.024022913
7/31/2006,Consumer Discretionary,-0.040199452
6/30/2006,Consumer Discretionary,-0.00874696
5/31/2006,Consumer Discretionary,-0.024850867
4/30/2006,Consumer Discretionary,0.003487999
3/31/2006,Consumer Discretionary,0.015568937
2/28/2006,Consumer Discretionary,0.004898148
1/31/2006,Consumer Discretionary,0.020542091
12/31/2005,Consumer Discretionary,-0.005858564
11/30/2005,Consumer Discretionary,0.042577415
10/31/2005,Consumer Discretionary,-0.024782965
9/30/2005,Consumer Discretionary,-0.031553799
8/31/2005,Consumer Discretionary,-0.037976163
7/31/2005,Consumer Discretionary,0.050857748
6/30/2005,Consumer Discretionary,0.008326583
5/31/2005,Consumer Discretionary,0.063572915
4/30/2005,Consumer Discretionary,-0.061895159
3/31/2005,Consumer Discretionary,-0.008838162
2/28/2005,Consumer Discretionary,0.000716525
1/31/2005,Consumer Discretionary,-0.035688919
12/31/2004,Consumer Discretionary,0.052254598
11/30/2004,Consumer Discretionary,0.049421534
10/31/2004,Consumer Discretionary,0.031834881
9/30/2004,Consumer Discretionary,0.033687395
8/31/2004,Consumer Discretionary,0.000633768
7/31/2004,Consumer Discretionary,-0.045366107
6/30/2004,Consumer Discretionary,0.002185204
5/31/2004,Consumer Discretionary,0.001774137
4/30/2004,Consumer Discretionary,-0.018854546
3/31/2004,Consumer Discretionary,4.07E-05
2/29/2004,Consumer Discretionary,0.02544619
1/31/2004,Consumer Discretionary,-0.003882914
12/31/2003,Consumer Discretionary,0.027688272
11/30/2003,Consumer Discretionary,0.01483368
10/31/2003,Consumer Discretionary,0.092041263
9/30/2003,Consumer Discretionary,-0.045878974
8/31/2003,Consumer Discretionary,0.05046178
7/31/2003,Consumer Discretionary,0.024917502
6/30/2003,Consumer Discretionary,0.020974759
5/31/2003,Consumer Discretionary,0.056515502
4/30/2003,Consumer Discretionary,0.117957068
3/31/2003,Consumer Discretionary,0.023553525
2/28/2003,Consumer Discretionary,-0.014931095
1/31/2003,Consumer Discretionary,-0.030821698
12/31/2002,Consumer Discretionary,-0.083588816
11/30/2002,Consumer Discretionary,0.065260911
10/31/2002,Consumer Discretionary,0.057400408
9/30/2002,Consumer Discretionary,-0.085352092
8/31/2002,Consumer Discretionary,0.021325298
7/31/2002,Consumer Discretionary,-0.121187447
6/30/2002,Consumer Discretionary,-0.088437273
5/31/2002,Consumer Discretionary,-0.00246334
4/30/2002,Consumer Discretionary,-0.028562217
3/31/2002,Consumer Discretionary,0.022032255
2/28/2002,Consumer Discretionary,0.007012214
1/31/2002,Consumer Discretionary,-0.006559397
12/31/2001,Consumer Discretionary,0.033561036
11/30/2001,Consumer Discretionary,0.137943657
10/31/2001,Consumer Discretionary,0.025965005
9/30/2001,Consumer Discretionary,-0.142332246
8/31/2001,Consumer Discretionary,-0.091434457
7/31/2001,Consumer Discretionary,-0.015315485
6/30/2001,Consumer Discretionary,-0.006823972
5/31/2001,Consumer Discretionary,0.029154233
4/30/2001,Consumer Discretionary,0.089706353
3/31/2001,Consumer Discretionary,-0.047085033
2/28/2001,Consumer Discretionary,-0.072130827
1/31/2001,Consumer Discretionary,0.125540687
12/31/2000,Consumer Discretionary,0.035162554
11/30/2000,Consumer Discretionary,-0.080677568
10/31/2000,Consumer Discretionary,-0.020362774
9/30/2000,Consumer Discretionary,-0.029711232
8/31/2000,Consumer Discretionary,0.005619472
7/31/2000,Consumer Discretionary,-0.012664101
6/30/2000,Consumer Discretionary,-0.025877019
5/31/2000,Consumer Discretionary,-0.063987998
4/30/2000,Consumer Discretionary,-0.039456423
3/31/2000,Consumer Discretionary,0.113446938
2/29/2000,Consumer Discretionary,-0.038943911
1/31/2000,Consumer Discretionary,-0.073822625
12/31/1999,Consumer Discretionary,0.092609672
11/30/1999,Consumer Discretionary,0.022772758
10/31/1999,Consumer Discretionary,0.054464842
9/30/1999,Consumer Discretionary,0.01779278
8/31/1999,Consumer Discretionary,-0.049799451
7/31/1999,Consumer Discretionary,-0.053429609
6/30/1999,Consumer Discretionary,0.052315364
5/31/1999,Consumer Discretionary,-0.039076745
4/30/1999,Consumer Discretionary,0.046062872
3/31/1999,Consumer Discretionary,0.040829032
2/28/1999,Consumer Discretionary,-0.003462074
1/31/1999,Consumer Discretionary,0.045275007
8/31/2019,Consumer Staples,0.016143794
7/31/2019,Consumer Staples,0.024076863
6/30/2019,Consumer Staples,0.051657448
5/31/2019,Consumer Staples,-0.041575349
4/30/2019,Consumer Staples,0.024747533
3/31/2019,Consumer Staples,0.038008271
2/28/2019,Consumer Staples,0.02228539
1/31/2019,Consumer Staples,0.052356055
12/31/2018,Consumer Staples,-0.089797182
11/30/2018,Consumer Staples,0.017892504
10/31/2018,Consumer Staples,0.01914114
9/30/2018,Consumer Staples,0.007779888
8/31/2018,Consumer Staples,0.00620812
7/31/2018,Consumer Staples,0.037054979
6/30/2018,Consumer Staples,0.045518603
5/31/2018,Consumer Staples,-0.013403391
4/30/2018,Consumer Staples,-0.039730841
3/31/2018,Consumer Staples,-0.00747945
2/28/2018,Consumer Staples,-0.075843017
1/31/2018,Consumer Staples,0.01671124
12/31/2017,Consumer Staples,0.021442097
11/30/2017,Consumer Staples,0.056229602
10/31/2017,Consumer Staples,-0.013714965
9/30/2017,Consumer Staples,-0.007137032
8/31/2017,Consumer Staples,-0.011165743
7/31/2017,Consumer Staples,0.006088645
6/30/2017,Consumer Staples,-0.022514982
5/31/2017,Consumer Staples,0.024954956
4/30/2017,Consumer Staples,0.010415124
3/31/2017,Consumer Staples,-0.0021671
2/28/2017,Consumer Staples,0.047042134
1/31/2017,Consumer Staples,0.013606263
12/31/2016,Consumer Staples,0.032288196
11/30/2016,Consumer Staples,-0.039315024
10/31/2016,Consumer Staples,-0.008008077
9/30/2016,Consumer Staples,-0.015509142
8/31/2016,Consumer Staples,-0.005362729
7/31/2016,Consumer Staples,-0.003800327
6/30/2016,Consumer Staples,0.050726545
5/31/2016,Consumer Staples,0.008639018
4/30/2016,Consumer Staples,-0.01101026
3/31/2016,Consumer Staples,0.048557669
2/29/2016,Consumer Staples,0.002623793
1/31/2016,Consumer Staples,0.002592167
12/31/2015,Consumer Staples,0.024531157
11/30/2015,Consumer Staples,-0.011152729
10/31/2015,Consumer Staples,0.058126161
9/30/2015,Consumer Staples,0.000305243
8/31/2015,Consumer Staples,-0.056809653
7/31/2015,Consumer Staples,0.050107545
6/30/2015,Consumer Staples,-0.017131047
5/31/2015,Consumer Staples,0.010282409
4/30/2015,Consumer Staples,-0.009534271
3/31/2015,Consumer Staples,-0.0167315
2/28/2015,Consumer Staples,0.042767338
1/31/2015,Consumer Staples,-0.012484538
12/31/2014,Consumer Staples,-0.007001645
11/30/2014,Consumer Staples,0.052541183
10/31/2014,Consumer Staples,0.037386265
9/30/2014,Consumer Staples,0.003915913
8/31/2014,Consumer Staples,0.046891398
7/31/2014,Consumer Staples,-0.03465922
6/30/2014,Consumer Staples,-0.000722116
5/31/2014,Consumer Staples,0.01981777
4/30/2014,Consumer Staples,0.027610879
3/31/2014,Consumer Staples,0.022200665
2/28/2014,Consumer Staples,0.039078644
1/31/2014,Consumer Staples,-0.052663733
12/31/2013,Consumer Staples,0.007118106
11/30/2013,Consumer Staples,0.016417778
10/31/2013,Consumer Staples,0.060885824
9/30/2013,Consumer Staples,0.014844593
8/31/2013,Consumer Staples,-0.041851712
7/31/2013,Consumer Staples,0.044034572
6/30/2013,Consumer Staples,-0.001806582
5/31/2013,Consumer Staples,-0.017897558
4/30/2013,Consumer Staples,0.029958337
3/31/2013,Consumer Staples,0.049715781
2/28/2013,Consumer Staples,0.030728119
1/31/2013,Consumer Staples,0.059055924
12/31/2012,Consumer Staples,-0.021479643
11/30/2012,Consumer Staples,0.018219186
10/31/2012,Consumer Staples,-0.010497798
9/30/2012,Consumer Staples,0.015488058
8/31/2012,Consumer Staples,-0.003359918
7/31/2012,Consumer Staples,0.025464708
6/30/2012,Consumer Staples,0.0369919
5/31/2012,Consumer Staples,-0.015350961
4/30/2012,Consumer Staples,0.002162163
3/31/2012,Consumer Staples,0.03193085
2/29/2012,Consumer Staples,0.038398794
1/31/2012,Consumer Staples,-0.011531503
12/31/2011,Consumer Staples,0.0248391
11/30/2011,Consumer Staples,0.023899922
10/31/2011,Consumer Staples,0.044951176
9/30/2011,Consumer Staples,-0.035555809
8/31/2011,Consumer Staples,0.003623968
7/31/2011,Consumer Staples,-0.013826518
6/30/2011,Consumer Staples,-0.023687715
5/31/2011,Consumer Staples,0.027802554
4/30/2011,Consumer Staples,0.052544659
3/31/2011,Consumer Staples,0.018346805
2/28/2011,Consumer Staples,0.027446968
1/31/2011,Consumer Staples,-0.015082022
12/31/2010,Consumer Staples,0.042086288
11/30/2010,Consumer Staples,-0.009399293
10/31/2010,Consumer Staples,0.030479006
9/30/2010,Consumer Staples,0.058797595
8/31/2010,Consumer Staples,-0.01487408
7/31/2010,Consumer Staples,0.062194003
6/30/2010,Consumer Staples,-0.024915316
5/31/2010,Consumer Staples,-0.04795412
4/30/2010,Consumer Staples,-0.013768105
3/31/2010,Consumer Staples,0.041900389
2/28/2010,Consumer Staples,0.029235355
1/31/2010,Consumer Staples,-0.011369127
12/31/2009,Consumer Staples,0.000979424
11/30/2009,Consumer Staples,0.039815294
10/31/2009,Consumer Staples,0.008650292
9/30/2009,Consumer Staples,0.03780908
8/31/2009,Consumer Staples,0.00844495
7/31/2009,Consumer Staples,0.06456414
6/30/2009,Consumer Staples,0.006401791
5/31/2009,Consumer Staples,0.058515688
4/30/2009,Consumer Staples,0.035046018
3/31/2009,Consumer Staples,0.044603114
2/28/2009,Consumer Staples,-0.070795278
1/31/2009,Consumer Staples,-0.075743614
12/31/2008,Consumer Staples,0.000249115
11/30/2008,Consumer Staples,-0.018925538
10/31/2008,Consumer Staples,-0.11369923
9/30/2008,Consumer Staples,-0.016010087
8/31/2008,Consumer Staples,0.026413811
7/31/2008,Consumer Staples,0.031698328
6/30/2008,Consumer Staples,-0.067242233
5/31/2008,Consumer Staples,0.013808765
4/30/2008,Consumer Staples,-0.000419855
3/31/2008,Consumer Staples,0.029876823
2/29/2008,Consumer Staples,-0.00250548
1/31/2008,Consumer Staples,-0.051571626
12/31/2007,Consumer Staples,-0.009477203
11/30/2007,Consumer Staples,0.025075697
10/31/2007,Consumer Staples,0.01867304
9/30/2007,Consumer Staples,0.044635067
8/31/2007,Consumer Staples,0.025345544
7/31/2007,Consumer Staples,-0.022976429
6/30/2007,Consumer Staples,-0.017921776
5/31/2007,Consumer Staples,0.013381049
4/30/2007,Consumer Staples,0.033435205
3/31/2007,Consumer Staples,0.020099904
2/28/2007,Consumer Staples,-0.016012793
1/31/2007,Consumer Staples,0.021359956
12/31/2006,Consumer Staples,0.025300938
11/30/2006,Consumer Staples,-0.005598343
10/31/2006,Consumer Staples,0.020286767
9/30/2006,Consumer Staples,-0.000985892
8/31/2006,Consumer Staples,0.036598014
7/31/2006,Consumer Staples,0.019158023
6/30/2006,Consumer Staples,0.013750715
5/31/2006,Consumer Staples,0.00673455
4/30/2006,Consumer Staples,0.005909469
3/31/2006,Consumer Staples,0.008052242
2/28/2006,Consumer Staples,0.009755595
1/31/2006,Consumer Staples,0.002818059
12/31/2005,Consumer Staples,-0.001060778
11/30/2005,Consumer Staples,0.008313567
10/31/2005,Consumer Staples,-0.002335788
9/30/2005,Consumer Staples,0.013180519
8/31/2005,Consumer Staples,-0.0129445
7/31/2005,Consumer Staples,0.032476543
6/30/2005,Consumer Staples,-0.017421424
5/31/2005,Consumer Staples,0.025218728
4/30/2005,Consumer Staples,-0.010042703
3/31/2005,Consumer Staples,-0.005816179
2/28/2005,Consumer Staples,0.004386878
1/31/2005,Consumer Staples,0.013401511
12/31/2004,Consumer Staples,0.041546938
11/30/2004,Consumer Staples,0.039353836
10/31/2004,Consumer Staples,0.005530177
9/30/2004,Consumer Staples,-0.026848678
8/31/2004,Consumer Staples,0.018659346
7/31/2004,Consumer Staples,-0.051606456
6/30/2004,Consumer Staples,0.010960195
5/31/2004,Consumer Staples,-0.011192264
4/30/2004,Consumer Staples,0.015523839
3/31/2004,Consumer Staples,-0.003590429
2/29/2004,Consumer Staples,0.053513839
1/31/2004,Consumer Staples,0.002808889
12/31/2003,Consumer Staples,0.022488437
11/30/2003,Consumer Staples,0.018467315
10/31/2003,Consumer Staples,0.049647871
9/30/2003,Consumer Staples,0.004279704
8/31/2003,Consumer Staples,0.016863535
7/31/2003,Consumer Staples,-0.009218089
6/30/2003,Consumer Staples,0.010703422
5/31/2003,Consumer Staples,0.058256569
4/30/2003,Consumer Staples,0.035128872
3/31/2003,Consumer Staples,-0.002940195
2/28/2003,Consumer Staples,-0.028003439
1/31/2003,Consumer Staples,-0.027953345
12/31/2002,Consumer Staples,0.004762232
11/30/2002,Consumer Staples,-0.028400923
10/31/2002,Consumer Staples,0.035862814
9/30/2002,Consumer Staples,-0.070745444
8/31/2002,Consumer Staples,0.010571366
7/31/2002,Consumer Staples,-0.045152083
6/30/2002,Consumer Staples,-0.061701318
5/31/2002,Consumer Staples,0.007442082
4/30/2002,Consumer Staples,0.013816516
3/31/2002,Consumer Staples,0.037559254
2/28/2002,Consumer Staples,0.039985663
1/31/2002,Consumer Staples,0.016237644
12/31/2001,Consumer Staples,0.004772789
11/30/2001,Consumer Staples,0.023357252
10/31/2001,Consumer Staples,-0.006601405
9/30/2001,Consumer Staples,-0.015821994
8/31/2001,Consumer Staples,0.037166167
7/31/2001,Consumer Staples,0.010290029
6/30/2001,Consumer Staples,-0.031050867
5/31/2001,Consumer Staples,0.023069112
4/30/2001,Consumer Staples,-0.00890357
3/31/2001,Consumer Staples,-0.046533482
2/28/2001,Consumer Staples,0.012237799
1/31/2001,Consumer Staples,-0.056201752
12/31/2000,Consumer Staples,0.042508075
11/30/2000,Consumer Staples,0.036262524
10/31/2000,Consumer Staples,0.11057995
9/30/2000,Consumer Staples,0.044913158
8/31/2000,Consumer Staples,-0.007937308
7/31/2000,Consumer Staples,-0.007998926
6/30/2000,Consumer Staples,0.016867103
5/31/2000,Consumer Staples,0.092020886
4/30/2000,Consumer Staples,0.025191919
3/31/2000,Consumer Staples,-0.007762858
2/29/2000,Consumer Staples,-0.103304169
1/31/2000,Consumer Staples,-0.0635611
12/31/1999,Consumer Staples,-0.032935303
11/30/1999,Consumer Staples,0.022911735
10/31/1999,Consumer Staples,0.066972424
9/30/1999,Consumer Staples,-0.103124922
8/31/1999,Consumer Staples,-0.022211631
7/31/1999,Consumer Staples,-0.009111487
6/30/1999,Consumer Staples,2.18E-06
5/31/1999,Consumer Staples,0.011386192
4/30/1999,Consumer Staples,0.011206046
3/31/1999,Consumer Staples,-0.015490296
2/28/1999,Consumer Staples,-0.039560903
1/31/1999,Consumer Staples,-0.026888428
8/31/2019,Energy,-0.087494999
7/31/2019,Energy,-0.02527437
6/30/2019,Energy,0.08826645
5/31/2019,Energy,-0.115715329
4/30/2019,Energy,-0.001252125
3/31/2019,Energy,0.022682089
2/28/2019,Energy,0.021855325
1/31/2019,Energy,0.115846241
12/31/2018,Energy,-0.134773745
11/30/2018,Energy,-0.027894888
10/31/2018,Energy,-0.119064481
9/30/2018,Energy,0.025859824
8/31/2018,Energy,-0.029777554
7/31/2018,Energy,0.011156723
6/30/2018,Energy,0.006818796
5/31/2018,Energy,0.036528361
4/30/2018,Energy,0.096574755
3/31/2018,Energy,0.02037195
2/28/2018,Energy,-0.107367752
1/31/2018,Energy,0.031153394
12/31/2017,Energy,0.051830648
11/30/2017,Energy,0.020853225
10/31/2017,Energy,-0.008983588
9/30/2017,Energy,0.10443984
8/31/2017,Energy,-0.054953696
7/31/2017,Energy,0.023222411
6/30/2017,Energy,-0.002998423
5/31/2017,Energy,-0.039197249
4/30/2017,Energy,-0.035110149
3/31/2017,Energy,-0.010505733
2/28/2017,Energy,-0.025771997
1/31/2017,Energy,-0.032829079
12/31/2016,Energy,0.017326057
11/30/2016,Energy,0.095335159
10/31/2016,Energy,-0.035786993
9/30/2016,Energy,0.032957546
8/31/2016,Energy,0.0161277
7/31/2016,Energy,-0.019342301
6/30/2016,Energy,0.028223279
5/31/2016,Energy,-0.011283095
4/30/2016,Energy,0.092574236
3/31/2016,Energy,0.100132739
2/29/2016,Energy,-0.023660011
1/31/2016,Energy,-0.038555862
12/31/2015,Energy,-0.110233812
11/30/2015,Energy,-0.002563512
10/31/2015,Energy,0.114013004
9/30/2015,Energy,-0.077002493
8/31/2015,Energy,-0.040198463
7/31/2015,Energy,-0.085506416
6/30/2015,Energy,-0.035049933
5/31/2015,Energy,-0.050098761
4/30/2015,Energy,0.069839655
3/31/2015,Energy,-0.019507998
2/28/2015,Energy,0.047624967
1/31/2015,Energy,-0.048267726
12/31/2014,Energy,-0.00066465
11/30/2014,Energy,-0.094961365
10/31/2014,Energy,-0.039163955
9/30/2014,Energy,-0.079250871
8/31/2014,Energy,0.025870173
7/31/2014,Energy,-0.038105032
6/30/2014,Energy,0.053571057
5/31/2014,Energy,0.013648819
4/30/2014,Energy,0.050970741
3/31/2014,Energy,0.024383246
2/28/2014,Energy,0.055230196
1/31/2014,Energy,-0.060614832
12/31/2013,Energy,0.031171425
11/30/2013,Energy,0.001618851
10/31/2013,Energy,0.043967559
9/30/2013,Energy,0.025193741
8/31/2013,Energy,-0.014741322
7/31/2013,Energy,0.054027696
6/30/2013,Energy,-0.021524989
5/31/2013,Energy,0.025827614
4/30/2013,Energy,-0.012134691
3/31/2013,Energy,0.021907826
2/28/2013,Energy,0.005235784
1/31/2013,Energy,0.076329668
12/31/2012,Energy,0.009654862
11/30/2012,Energy,-0.012524747
10/31/2012,Energy,-0.022690025
9/30/2012,Energy,0.035790873
8/31/2012,Energy,0.022170277
7/31/2012,Energy,0.03912437
6/30/2012,Energy,0.052905954
5/31/2012,Energy,-0.107255966
4/30/2012,Energy,-0.010313484
3/31/2012,Energy,-0.033397846
2/29/2012,Energy,0.060565593
1/31/2012,Energy,0.016053103
12/31/2011,Energy,-0.011914855
11/30/2011,Energy,0.020808107
10/31/2011,Energy,0.177131551
9/30/2011,Energy,-0.134449233
8/31/2011,Energy,-0.103007643
7/31/2011,Energy,0.011472257
6/30/2011,Energy,-0.019503006
5/31/2011,Energy,-0.043840414
4/30/2011,Energy,0.012302712
3/31/2011,Energy,0.017840136
2/28/2011,Energy,0.073038936
1/31/2011,Energy,0.070138921
12/31/2010,Energy,0.090575512
11/30/2010,Energy,0.0635509
10/31/2010,Energy,0.054335769
9/30/2010,Energy,0.096694361
8/31/2010,Energy,-0.045904119
7/31/2010,Energy,0.080715591
6/30/2010,Energy,-0.058292403
5/31/2010,Energy,-0.115641349
4/30/2010,Energy,0.048497541
3/31/2010,Energy,0.028579489
2/28/2010,Energy,0.02553097
1/31/2010,Energy,-0.043388706
12/31/2009,Energy,0.000468985
11/30/2009,Energy,0.03138324
10/31/2009,Energy,0.023861093
9/30/2009,Energy,0.05648096
8/31/2009,Energy,0.008282188
7/31/2009,Energy,0.049613095
6/30/2009,Energy,-0.051962958
5/31/2009,Energy,0.116212588
4/30/2009,Energy,0.062757593
3/31/2009,Energy,0.039879746
2/28/2009,Energy,-0.120561557
1/31/2009,Energy,-0.029449861
12/31/2008,Energy,-0.040425731
11/30/2008,Energy,-0.013852953
10/31/2008,Energy,-0.193903008
9/30/2008,Energy,-0.137392572
8/31/2008,Energy,-0.008235305
7/31/2008,Energy,-0.147192919
6/30/2008,Energy,0.034394027
5/31/2008,Energy,0.047099948
4/30/2008,Energy,0.112109798
3/31/2008,Energy,-0.024998564
2/29/2008,Energy,0.073886237
1/31/2008,Energy,-0.105450741
12/31/2007,Energy,0.072994829
11/30/2007,Energy,-0.040179915
10/31/2007,Energy,0.018607291
9/30/2007,Energy,0.079707541
8/31/2007,Energy,0.003802614
7/31/2007,Energy,-0.000136752
6/30/2007,Energy,0.003716929
5/31/2007,Energy,0.072849071
4/30/2007,Energy,0.051418368
3/31/2007,Energy,0.05793464
2/28/2007,Energy,-0.016075221
1/31/2007,Energy,-0.014983223
12/31/2006,Energy,-0.021664334
11/30/2006,Energy,0.084980121
10/31/2006,Energy,0.051510004
9/30/2006,Energy,-0.04080208
8/31/2006,Energy,-0.028217099
7/31/2006,Energy,0.038012751
6/30/2006,Energy,0.023832766
5/31/2006,Energy,-0.029262481
4/30/2006,Energy,0.05022746
3/31/2006,Energy,0.038867918
2/28/2006,Energy,-0.087748411
1/31/2006,Energy,0.132237234
12/31/2005,Energy,0.006513435
11/30/2005,Energy,0.011134888
10/31/2005,Energy,-0.100686244
9/30/2005,Energy,0.070259888
8/31/2005,Energy,0.058253712
7/31/2005,Energy,0.063933284
6/30/2005,Energy,0.059482092
5/31/2005,Energy,0.022535939
4/30/2005,Energy,-0.055951938
3/31/2005,Energy,-0.035146561
2/28/2005,Energy,0.188003601
1/31/2005,Energy,0.030155305
12/31/2004,Energy,-0.024425097
11/30/2004,Energy,0.065472356
10/31/2004,Energy,0.005916972
9/30/2004,Energy,0.089458442
8/31/2004,Energy,-0.014346254
7/31/2004,Energy,0.038133842
6/30/2004,Energy,0.053777084
5/31/2004,Energy,0.002602732
4/30/2004,Energy,0.025943197
3/31/2004,Energy,-0.002713151
2/29/2004,Energy,0.044550962
1/31/2004,Energy,0.005555219
12/31/2003,Energy,0.133539405
11/30/2003,Energy,0.007030001
10/31/2003,Energy,0.01509196
9/30/2003,Energy,-0.025404603
8/31/2003,Energy,0.060789837
7/31/2003,Energy,-0.025025748
6/30/2003,Energy,-0.011499673
5/31/2003,Energy,0.088003106
4/30/2003,Energy,-0.007501172
3/31/2003,Energy,0.01473266
2/28/2003,Energy,0.020579623
1/31/2003,Energy,-0.02453158
12/31/2002,Energy,0.006738982
11/30/2002,Energy,0.031040538
10/31/2002,Energy,0.032123934
9/30/2002,Energy,-0.106181301
8/31/2002,Energy,0.006081518
7/31/2002,Energy,-0.118757203
6/30/2002,Energy,-0.000380244
5/31/2002,Energy,-0.007780827
4/30/2002,Energy,-0.044804437
3/31/2002,Energy,0.078143866
2/28/2002,Energy,0.053391925
1/31/2002,Energy,-0.030177707
12/31/2001,Energy,0.059587329
11/30/2001,Energy,-0.040601266
10/31/2001,Energy,0.057927831
9/30/2001,Energy,-0.065629374
8/31/2001,Energy,-0.040029682
7/31/2001,Energy,-0.024836825
6/30/2001,Energy,-0.07970149
5/31/2001,Energy,0.000945021
4/30/2001,Energy,0.100868837
3/31/2001,Energy,-0.004829089
2/28/2001,Energy,-0.001049758
1/31/2001,Energy,-0.03659731
12/31/2000,Energy,0.085265833
11/30/2000,Energy,-0.028396065
10/31/2000,Energy,-0.030393033
9/30/2000,Energy,0.044011882
8/31/2000,Energy,0.090579892
7/31/2000,Energy,-0.02785968
6/30/2000,Energy,-0.064093071
5/31/2000,Energy,0.107258937
4/30/2000,Energy,-0.011075157
3/31/2000,Energy,0.126461964
2/29/2000,Energy,-0.05725445
1/31/2000,Energy,-0.003896577
12/31/1999,Energy,-0.007902669
11/30/1999,Energy,0.030214019
10/31/1999,Energy,-0.022778424
9/30/1999,Energy,-0.038217552
8/31/1999,Energy,0.014128791
7/31/1999,Energy,0.019824363
6/30/1999,Energy,-0.000750589
5/31/1999,Energy,-0.023330019
4/30/1999,Energy,0.157662895
3/31/1999,Energy,0.15123292
2/28/1999,Energy,-0.033972562
1/31/1999,Energy,-0.056953386
8/31/2019,Financials,-0.04932377
7/31/2019,Financials,0.023992958
6/30/2019,Financials,0.065695337
5/31/2019,Financials,-0.069889863
4/30/2019,Financials,0.085841016
3/31/2019,Financials,-0.03017428
2/28/2019,Financials,0.029788469
1/31/2019,Financials,0.089885616
12/31/2018,Financials,-0.112193254
11/30/2018,Financials,0.028617812
10/31/2018,Financials,-0.052964063
9/30/2018,Financials,-0.02441618
8/31/2018,Financials,0.015357842
7/31/2018,Financials,0.047255275
6/30/2018,Financials,-0.018993573
5/31/2018,Financials,-0.002045658
4/30/2018,Financials,-0.003172553
3/31/2018,Financials,-0.032440494
2/28/2018,Financials,-0.026901752
1/31/2018,Financials,0.057646681
12/31/2017,Financials,0.014368392
11/30/2017,Financials,0.034574357
10/31/2017,Financials,0.026009407
9/30/2017,Financials,0.053550129
8/31/2017,Financials,-0.018401501
7/31/2017,Financials,0.016862356
6/30/2017,Financials,0.061017143
5/31/2017,Financials,-0.016113129
4/30/2017,Financials,-0.006180955
3/31/2017,Financials,-0.026890086
2/28/2017,Financials,0.047958365
1/31/2017,Financials,0.002291424
12/31/2016,Financials,0.041883045
11/30/2016,Financials,0.138008699
10/31/2016,Financials,0.017482903
9/30/2016,Financials,-0.023327965
8/31/2016,Financials,0.03298005
7/31/2016,Financials,0.038079502
6/30/2016,Financials,-0.023819598
5/31/2016,Financials,0.023634401
4/30/2016,Financials,0.028106338
3/31/2016,Financials,0.075168421
2/29/2016,Financials,-0.023743994
1/31/2016,Financials,-0.082953891
12/31/2015,Financials,-0.024743497
11/30/2015,Financials,0.020285599
10/31/2015,Financials,0.058345111
9/30/2015,Financials,-0.022715748
8/31/2015,Financials,-0.066037455
7/31/2015,Financials,0.029384519
6/30/2015,Financials,-0.00174637
5/31/2015,Financials,0.016568018
4/30/2015,Financials,-0.003921886
3/31/2015,Financials,0.000326478
2/28/2015,Financials,0.05044238
1/31/2015,Financials,-0.054719011
12/31/2014,Financials,0.017829957
11/30/2014,Financials,0.019287896
10/31/2014,Financials,0.039279532
9/30/2014,Financials,-0.014237674
8/31/2014,Financials,0.041152193
7/31/2014,Financials,-0.018112145
6/30/2014,Financials,0.026727092
5/31/2014,Financials,0.013467371
4/30/2014,Financials,-0.015877249
3/31/2014,Financials,0.027224461
2/28/2014,Financials,0.033337741
1/31/2014,Financials,-0.031660583
12/31/2013,Financials,0.019660734
11/30/2013,Financials,0.037176776
10/31/2013,Financials,0.035656098
9/30/2013,Financials,0.030231158
8/31/2013,Financials,-0.050352652
7/31/2013,Financials,0.05149914
6/30/2013,Financials,-0.013826304
5/31/2013,Financials,0.041241491
4/30/2013,Financials,0.024263885
3/31/2013,Financials,0.039672593
2/28/2013,Financials,0.015184857
1/31/2013,Financials,0.061527041
12/31/2012,Financials,0.041157321
11/30/2012,Financials,-0.006281368
10/31/2012,Financials,0.013455501
9/30/2012,Financials,0.029826682
8/31/2012,Financials,0.029547434
7/31/2012,Financials,0.001273764
6/30/2012,Financials,0.049159222
5/31/2012,Financials,-0.08025957
4/30/2012,Financials,-0.016662266
3/31/2012,Financials,0.066510154
2/29/2012,Financials,0.041618368
1/31/2012,Financials,0.075658447
12/31/2011,Financials,0.020851831
11/30/2011,Financials,-0.039251256
10/31/2011,Financials,0.138599594
9/30/2011,Financials,-0.111200391
8/31/2011,Financials,-0.088071033
7/31/2011,Financials,-0.033127956
6/30/2011,Financials,-0.029409662
5/31/2011,Financials,-0.025967147
4/30/2011,Financials,0.005280204
3/31/2011,Financials,-0.02034045
2/28/2011,Financials,0.031444164
1/31/2011,Financials,0.023801926
12/31/2010,Financials,0.099761458
11/30/2010,Financials,-0.006075929
10/31/2010,Financials,0.016939318
9/30/2010,Financials,0.064456337
8/31/2010,Financials,-0.070540355
7/31/2010,Financials,0.065574237
6/30/2010,Financials,-0.068631844
5/31/2010,Financials,-0.08771413
4/30/2010,Financials,0.025294594
3/31/2010,Financials,0.089444203
2/28/2010,Financials,0.03606192
1/31/2010,Financials,-0.013415417
12/31/2009,Financials,-0.001079516
11/30/2009,Financials,0.041584798
10/31/2009,Financials,-0.05941892
9/30/2009,Financials,0.022275319
8/31/2009,Financials,0.116242338
7/31/2009,Financials,0.088226266
6/30/2009,Financials,-0.01809069
5/31/2009,Financials,0.100088999
4/30/2009,Financials,0.194468318
3/31/2009,Financials,0.153292055
2/28/2009,Financials,-0.166339703
1/31/2009,Financials,-0.240880566
12/31/2008,Financials,0.017281923
11/30/2008,Financials,-0.16534449
10/31/2008,Financials,-0.218135228
9/30/2008,Financials,-0.031495489
8/31/2008,Financials,0.000480518
7/31/2008,Financials,0.069660565
6/30/2008,Financials,-0.172909043
5/31/2008,Financials,-0.046191274
4/30/2008,Financials,0.057752447
3/31/2008,Financials,-0.02169979
2/29/2008,Financials,-0.104182997
1/31/2008,Financials,-0.003149396
12/31/2007,Financials,-0.046900913
11/30/2007,Financials,-0.073264295
10/31/2007,Financials,-0.015212991
9/30/2007,Financials,0.023400104
8/31/2007,Financials,0.01814711
7/31/2007,Financials,-0.080254185
6/30/2007,Financials,-0.042825707
5/31/2007,Financials,0.023040485
4/30/2007,Financials,0.032755536
3/31/2007,Financials,-0.008528973
2/28/2007,Financials,-0.029235886
1/31/2007,Financials,0.012755052
12/31/2006,Financials,0.031289823
11/30/2006,Financials,0.010886737
10/31/2006,Financials,0.024980838
9/30/2006,Financials,0.037208217
8/31/2006,Financials,0.013527996
7/31/2006,Financials,0.019085874
6/30/2006,Financials,-0.000629806
5/31/2006,Financials,-0.035395559
4/30/2006,Financials,0.031987996
3/31/2006,Financials,0.011058991
2/28/2006,Financials,0.018024031
1/31/2006,Financials,0.018325485
12/31/2005,Financials,0.000968904
11/30/2005,Financials,0.04409556
10/31/2005,Financials,0.01998677
9/30/2005,Financials,0.007300346
8/31/2005,Financials,-0.021011255
7/31/2005,Financials,0.022537863
6/30/2005,Financials,0.021840989
5/31/2005,Financials,0.030717313
4/30/2005,Financials,-0.000848744
3/31/2005,Financials,-0.034370688
2/28/2005,Financials,-0.003373192
1/31/2005,Financials,-0.029613476
12/31/2004,Financials,0.041001247
11/30/2004,Financials,0.034704976
10/31/2004,Financials,0.012606055
9/30/2004,Financials,-0.004801085
8/31/2004,Financials,0.037841805
7/31/2004,Financials,-0.017825149
6/30/2004,Financials,0.004465468
5/31/2004,Financials,0.022539842
4/30/2004,Financials,-0.056136813
3/31/2004,Financials,-0.004464866
2/29/2004,Financials,0.02631274
1/31/2004,Financials,0.031117867
12/31/2003,Financials,0.04289825
11/30/2003,Financials,0.004860479
10/31/2003,Financials,0.068038574
9/30/2003,Financials,0.009213341
8/31/2003,Financials,-0.006211069
7/31/2003,Financials,0.047622152
6/30/2003,Financials,0.004770828
5/31/2003,Financials,0.05492466
4/30/2003,Financials,0.111310189
3/31/2003,Financials,-0.001789902
2/28/2003,Financials,-0.027259004
1/31/2003,Financials,-0.015755713
12/31/2002,Financials,-0.044032325
11/30/2002,Financials,0.037847406
10/31/2002,Financials,0.073536793
9/30/2002,Financials,-0.107959858
8/31/2002,Financials,0.021084445
7/31/2002,Financials,-0.071385327
6/30/2002,Financials,-0.040108047
5/31/2002,Financials,-0.000394962
4/30/2002,Financials,-0.018528205
3/31/2002,Financials,0.06798128
2/28/2002,Financials,-0.011141884
1/31/2002,Financials,-0.010726133
12/31/2001,Financials,0.025780888
11/30/2001,Financials,0.067747846
10/31/2001,Financials,-0.018687294
9/30/2001,Financials,-0.053708281
8/31/2001,Financials,-0.052784395
7/31/2001,Financials,-0.011749497
6/30/2001,Financials,0.007946839
5/31/2001,Financials,0.038319626
4/30/2001,Financials,0.038304275
3/31/2001,Financials,-0.025413722
2/28/2001,Financials,-0.062112597
1/31/2001,Financials,-0.002551655
12/31/2000,Financials,0.1064694
11/30/2000,Financials,-0.06275838
10/31/2000,Financials,-0.007260481
9/30/2000,Financials,0.024863435
8/31/2000,Financials,0.090743955
7/31/2000,Financials,0.095022513
6/30/2000,Financials,-0.052701976
5/31/2000,Financials,0.058838079
4/30/2000,Financials,-0.029089087
3/31/2000,Financials,0.165989137
2/29/2000,Financials,-0.094659808
1/31/2000,Financials,-0.034546188
12/31/1999,Financials,-0.0208307
11/30/1999,Financials,-0.043647706
10/31/1999,Financials,0.138708745
9/30/1999,Financials,-0.034331012
8/31/1999,Financials,-0.038097058
7/31/1999,Financials,-0.058971425
6/30/1999,Financials,0.034793608
5/31/1999,Financials,-0.044311717
4/30/1999,Financials,0.068831037
3/31/1999,Financials,0.030270395
2/28/1999,Financials,0.006529336
1/31/1999,Financials,0.011040682
8/31/2019,Health Care,-0.011348736
7/31/2019,Health Care,-0.01328293
6/30/2019,Health Care,0.070831041
5/31/2019,Health Care,-0.026262921
4/30/2019,Health Care,-0.027030888
3/31/2019,Health Care,0.00422065
2/28/2019,Health Care,0.017124022
1/31/2019,Health Care,0.059356222
12/31/2018,Health Care,-0.092522469
11/30/2018,Health Care,0.064454792
10/31/2018,Health Care,-0.077079535
9/30/2018,Health Care,0.021484095
8/31/2018,Health Care,0.051155698
7/31/2018,Health Care,0.058636855
6/30/2018,Health Care,0.015741593
5/31/2018,Health Care,0.016367322
4/30/2018,Health Care,0.010082101
3/31/2018,Health Care,-0.025743288
2/28/2018,Health Care,-0.042027941
1/31/2018,Health Care,0.067966004
12/31/2017,Health Care,-0.005603466
11/30/2017,Health Care,0.029686577
10/31/2017,Health Care,-0.007858385
9/30/2017,Health Care,0.011819697
8/31/2017,Health Care,0.020340008
7/31/2017,Health Care,0.004774183
6/30/2017,Health Care,0.050259534
5/31/2017,Health Care,0.005383743
4/30/2017,Health Care,0.016748071
3/31/2017,Health Care,-0.002609186
2/28/2017,Health Care,0.063930798
1/31/2017,Health Care,0.026698601
12/31/2016,Health Care,0.004368667
11/30/2016,Health Care,0.026766223
10/31/2016,Health Care,-0.071796307
9/30/2016,Health Care,0.00167713
8/31/2016,Health Care,-0.030644541
7/31/2016,Health Care,0.055544986
6/30/2016,Health Care,0.005686491
5/31/2016,Health Care,0.023223911
4/30/2016,Health Care,0.030554202
3/31/2016,Health Care,0.032606636
2/29/2016,Health Care,-0.007380877
1/31/2016,Health Care,-0.092811313
12/31/2015,Health Care,0.01221692
11/30/2015,Health Care,0.007043982
10/31/2015,Health Care,0.067468912
9/30/2015,Health Care,-0.065956536
8/31/2015,Health Care,-0.080229638
7/31/2015,Health Care,0.028568273
6/30/2015,Health Care,0.001570505
5/31/2015,Health Care,0.051692012
4/30/2015,Health Care,-0.018526878
3/31/2015,Health Care,0.013611889
2/28/2015,Health Care,0.046801147
1/31/2015,Health Care,0.015981511
12/31/2014,Health Care,-0.006656923
11/30/2014,Health Care,0.032573754
10/31/2014,Health Care,0.058402921
9/30/2014,Health Care,-0.003305296
8/31/2014,Health Care,0.052810111
7/31/2014,Health Care,-0.003814367
6/30/2014,Health Care,0.028772612
5/31/2014,Health Care,0.029209855
4/30/2014,Health Care,-0.014862874
3/31/2014,Health Care,-0.020397328
2/28/2014,Health Care,0.059458766
1/31/2014,Health Care,0.018310019
12/31/2013,Health Care,0.009318518
11/30/2013,Health Care,0.05005763
10/31/2013,Health Care,0.035848511
9/30/2013,Health Care,0.035896981
8/31/2013,Health Care,-0.031887257
7/31/2013,Health Care,0.077149331
6/30/2013,Health Care,-0.007384701
5/31/2013,Health Care,0.018202042
4/30/2013,Health Care,0.029605191
3/31/2013,Health Care,0.062112186
2/28/2013,Health Care,0.012214403
1/31/2013,Health Care,0.076220122
12/31/2012,Health Care,-0.000504286
11/30/2012,Health Care,0.010098253
10/31/2012,Health Care,-0.015061047
9/30/2012,Health Care,0.042417911
8/31/2012,Health Care,0.015290729
7/31/2012,Health Care,0.005459755
6/30/2012,Health Care,0.060363908
5/31/2012,Health Care,-0.035522377
4/30/2012,Health Care,-0.002197957
3/31/2012,Health Care,0.041763847
2/29/2012,Health Care,0.017664309
1/31/2012,Health Care,0.043160383
12/31/2011,Health Care,0.025399338
11/30/2011,Health Care,0.010133062
10/31/2011,Health Care,0.060197627
9/30/2011,Health Care,-0.048367545
8/31/2011,Health Care,-0.034858938
7/31/2011,Health Care,-0.038662788
6/30/2011,Health Care,-0.015284054
5/31/2011,Health Care,0.019249637
4/30/2011,Health Care,0.065147383
3/31/2011,Health Care,0.02334568
2/28/2011,Health Care,0.03515092
1/31/2011,Health Care,0.006994303
12/31/2010,Health Care,0.054212058
11/30/2010,Health Care,-0.021858429
10/31/2010,Health Care,0.019226129
9/30/2010,Health Care,0.096225433
8/31/2010,Health Care,-0.019560224
7/31/2010,Health Care,0.010704285
6/30/2010,Health Care,-0.02228562
5/31/2010,Health Care,-0.068276919
4/30/2010,Health Care,-0.026250923
3/31/2010,Health Care,0.037169062
2/28/2010,Health Care,0.007214427
1/31/2010,Health Care,0.002018283
12/31/2009,Health Care,0.027839847
11/30/2009,Health Care,0.084928637
10/31/2009,Health Care,-0.029933968
9/30/2009,Health Care,0.017809705
8/31/2009,Health Care,0.022688873
7/31/2009,Health Care,0.05797728
6/30/2009,Health Care,0.034167989
5/31/2009,Health Care,0.064430796
4/30/2009,Health Care,0.002252317
3/31/2009,Health Care,0.065176203
2/28/2009,Health Care,-0.11817441
1/31/2009,Health Care,-0.013158223
12/31/2008,Health Care,0.071117972
11/30/2008,Health Care,-0.074648261
10/31/2008,Health Care,-0.131125287
9/30/2008,Health Care,-0.063145294
8/31/2008,Health Care,0.021002104
7/31/2008,Health Care,0.059516476
6/30/2008,Health Care,-0.0460433
5/31/2008,Health Care,0.021978083
4/30/2008,Health Care,0.014951911
3/31/2008,Health Care,-0.042998036
2/29/2008,Health Care,-0.023806555
1/31/2008,Health Care,-0.051067621
12/31/2007,Health Care,-0.024444969
11/30/2007,Health Care,0.004895925
10/31/2007,Health Care,0.0190935
9/30/2007,Health Care,0.030817819
8/31/2007,Health Care,0.026935258
7/31/2007,Health Care,-0.037568693
6/30/2007,Health Care,-0.032728294
5/31/2007,Health Care,0.017552206
4/30/2007,Health Care,0.061622325
3/31/2007,Health Care,0.003154992
2/28/2007,Health Care,-0.020645937
1/31/2007,Health Care,0.032341419
12/31/2006,Health Care,0.008208561
11/30/2006,Health Care,-0.000700216
10/31/2006,Health Care,0.010773994
9/30/2006,Health Care,0.010834289
8/31/2006,Health Care,0.029116018
7/31/2006,Health Care,0.039670349
6/30/2006,Health Care,0.00209518
5/31/2006,Health Care,-0.023366283
4/30/2006,Health Care,-0.032088201
3/31/2006,Health Care,-0.007891754
2/28/2006,Health Care,0.009747032
1/31/2006,Health Care,0.021208875
12/31/2005,Health Care,0.027318207
11/30/2005,Health Care,0.018161693
10/31/2005,Health Care,-0.028309994
9/30/2005,Health Care,-0.005436361
8/31/2005,Health Care,0.000629601
7/31/2005,Health Care,0.028046805
6/30/2005,Health Care,0.002810974
5/31/2005,Health Care,0.017574956
4/30/2005,Health Care,0.030519515
3/31/2005,Health Care,-0.004321488
2/28/2005,Health Care,0.027070185
1/31/2005,Health Care,-0.031977397
12/31/2004,Health Care,0.057363296
11/30/2004,Health Care,0.024643066
10/31/2004,Health Care,-0.017445744
9/30/2004,Health Care,-0.008266567
8/31/2004,Health Care,0.016248455
7/31/2004,Health Care,-0.062795716
6/30/2004,Health Care,0.000460734
5/31/2004,Health Care,-0.004490222
4/30/2004,Health Care,0.028659346
3/31/2004,Health Care,-0.030310058
2/29/2004,Health Care,0.009213416
1/31/2004,Health Care,0.033093789
12/31/2003,Health Care,0.051769518
11/30/2003,Health Care,0.01949319
10/31/2003,Health Care,0.012713079
9/30/2003,Health Care,0.002239423
8/31/2003,Health Care,-0.029560456
7/31/2003,Health Care,0.001563731
6/30/2003,Health Care,0.041793705
5/31/2003,Health Care,0.037753351
4/30/2003,Health Care,0.039713536
3/31/2003,Health Care,0.037482648
2/28/2003,Health Care,-0.021703742
1/31/2003,Health Care,-0.002638954
12/31/2002,Health Care,-0.03565511
11/30/2002,Health Care,0.025028838
10/31/2002,Health Care,0.051529177
9/30/2002,Health Care,-0.058494895
8/31/2002,Health Care,0.010430615
7/31/2002,Health Care,-0.034070901
6/30/2002,Health Care,-0.089953398
5/31/2002,Health Care,-0.023026469
4/30/2002,Health Care,-0.060028521
3/31/2002,Health Care,0.007700543
2/28/2002,Health Care,-0.004158726
1/31/2002,Health Care,-0.021361627
12/31/2001,Health Care,-0.025875304
11/30/2001,Health Care,0.050165614
10/31/2001,Health Care,0.004383178
9/30/2001,Health Care,-0.004585061
8/31/2001,Health Care,-0.035605559
7/31/2001,Health Care,0.02925725
6/30/2001,Health Care,-0.032849843
5/31/2001,Health Care,0.018438791
4/30/2001,Health Care,0.04290242
3/31/2001,Health Care,-0.08371389
2/28/2001,Health Care,-0.00738063
1/31/2001,Health Care,-0.08268001
12/31/2000,Health Care,0.034597721
11/30/2000,Health Care,0.02007883
10/31/2000,Health Care,0.023236212
9/30/2000,Health Care,0.044176408
8/31/2000,Health Care,0.03454493
7/31/2000,Health Care,-0.054375109
6/30/2000,Health Care,0.1370418
5/31/2000,Health Care,0.046211176
4/30/2000,Health Care,0.056066451
3/31/2000,Health Care,0.006673838
2/29/2000,Health Care,-0.041433318
1/31/2000,Health Care,0.066952795
12/31/1999,Health Care,-0.058307257
11/30/1999,Health Care,0.017012599
10/31/1999,Health Care,0.097961363
9/30/1999,Health Care,-0.07892246
8/31/1999,Health Care,0.029751959
7/31/1999,Health Care,-0.045325054
6/30/1999,Health Care,0.047230775
5/31/1999,Health Care,-0.019331193
4/30/1999,Health Care,-0.056519726
3/31/1999,Health Care,0.023314753
2/28/1999,Health Care,-0.003031557
1/31/1999,Health Care,-0.004394429
8/31/2019,Industrials,-0.030728807
7/31/2019,Industrials,0.007480254
6/30/2019,Industrials,0.083045457
5/31/2019,Industrials,-0.076826609
4/30/2019,Industrials,0.046559057
3/31/2019,Industrials,-0.0136471
2/28/2019,Industrials,0.062655119
1/31/2019,Industrials,0.113376743
12/31/2018,Industrials,-0.110393603
11/30/2018,Industrials,0.03683979
10/31/2018,Industrials,-0.112238493
9/30/2018,Industrials,0.014963264
8/31/2018,Industrials,0.007236749
7/31/2018,Industrials,0.067340962
6/30/2018,Industrials,-0.025090449
5/31/2018,Industrials,0.03293666
4/30/2018,Industrials,-0.027408837
3/31/2018,Industrials,-0.019789678
2/28/2018,Industrials,-0.043979242
1/31/2018,Industrials,0.047291429
12/31/2017,Industrials,0.018252955
11/30/2017,Industrials,0.038472319
10/31/2017,Industrials,0.007036495
9/30/2017,Industrials,0.048180011
8/31/2017,Industrials,-8.36E-05
7/31/2017,Industrials,0.002726624
6/30/2017,Industrials,0.01562539
5/31/2017,Industrials,0.006808708
4/30/2017,Industrials,0.01826853
3/31/2017,Industrials,-0.006075814
2/28/2017,Industrials,0.033379901
1/31/2017,Industrials,0.014391561
12/31/2016,Industrials,0.007158749
11/30/2016,Industrials,0.097736205
10/31/2016,Industrials,-0.021397155
9/30/2016,Industrials,-0.001603101
8/31/2016,Industrials,0.010608427
7/31/2016,Industrials,0.037045234
6/30/2016,Industrials,0.004721709
5/31/2016,Industrials,-0.000407189
4/30/2016,Industrials,0.010793475
3/31/2016,Industrials,0.076907166
2/29/2016,Industrials,0.03773215
1/31/2016,Industrials,-0.061981476
12/31/2015,Industrials,-0.028675712
11/30/2015,Industrials,0.01127535
10/31/2015,Industrials,0.087693225
9/30/2015,Industrials,-0.029748422
8/31/2015,Industrials,-0.05232416
7/31/2015,Industrials,-0.000336129
6/30/2015,Industrials,-0.022409607
5/31/2015,Industrials,0.003069494
4/30/2015,Industrials,-0.006053747
3/31/2015,Industrials,-0.015788259
2/28/2015,Industrials,0.060876882
1/31/2015,Industrials,-0.038401965
12/31/2014,Industrials,0.002043097
11/30/2014,Industrials,0.027094278
10/31/2014,Industrials,0.039397489
9/30/2014,Industrials,-0.025184731
8/31/2014,Industrials,0.044171052
7/31/2014,Industrials,-0.04557641
6/30/2014,Industrials,0.007497421
5/31/2014,Industrials,0.017196093
4/30/2014,Industrials,0.009014661
3/31/2014,Industrials,0.006781479
2/28/2014,Industrials,0.040945662
1/31/2014,Industrials,-0.041002286
12/31/2013,Industrials,0.041214645
11/30/2013,Industrials,0.036730531
10/31/2013,Industrials,0.048031368
9/30/2013,Industrials,0.062031283
8/31/2013,Industrials,-0.027378862
7/31/2013,Industrials,0.061289429
6/30/2013,Industrials,-0.015519646
5/31/2013,Industrials,0.050699051
4/30/2013,Industrials,-0.012142981
3/31/2013,Industrials,0.031295902
2/28/2013,Industrials,0.02499893
1/31/2013,Industrials,0.061692956
12/31/2012,Industrials,0.0316157
11/30/2012,Industrials,0.019509774
10/31/2012,Industrials,0.001604882
9/30/2012,Industrials,0.018913281
8/31/2012,Industrials,0.018049883
7/31/2012,Industrials,-0.00091796
6/30/2012,Industrials,0.030901423
5/31/2012,Industrials,-0.062461394
4/30/2012,Industrials,-0.008724852
3/31/2012,Industrials,0.013153592
2/29/2012,Industrials,0.027792673
1/31/2012,Industrials,0.075662171
12/31/2011,Industrials,0.007764885
11/30/2011,Industrials,0.011642049
10/31/2011,Industrials,0.149603334
9/30/2011,Industrials,-0.100931978
8/31/2011,Industrials,-0.07107349
7/31/2011,Industrials,-0.067584209
6/30/2011,Industrials,-0.008782097
5/31/2011,Industrials,-0.028613326
4/30/2011,Industrials,0.024926358
3/31/2011,Industrials,0.022465865
2/28/2011,Industrials,0.026951953
1/31/2011,Industrials,0.03633669
12/31/2010,Industrials,0.077669993
11/30/2010,Industrials,0.018372925
10/31/2010,Industrials,0.035526335
9/30/2010,Industrials,0.117575887
8/31/2010,Industrials,-0.074466473
7/31/2010,Industrials,0.098976472
6/30/2010,Industrials,-0.070879849
5/31/2010,Industrials,-0.089905085
4/30/2010,Industrials,0.043873509
3/31/2010,Industrials,0.086674909
2/28/2010,Industrials,0.050506865
1/31/2010,Industrials,-0.021708221
12/31/2009,Industrials,0.028778427
11/30/2009,Industrials,0.078294381
10/31/2009,Industrials,-0.050993795
9/30/2009,Industrials,0.069336252
8/31/2009,Industrials,0.03944294
7/31/2009,Industrials,0.090797854
6/30/2009,Industrials,-0.015722557
5/31/2009,Industrials,0.02988878
4/30/2009,Industrials,0.188137906
3/31/2009,Industrials,0.088300518
2/28/2009,Industrials,-0.169188505
1/31/2009,Industrials,-0.123656345
12/31/2008,Industrials,0.027104665
11/30/2008,Industrials,-0.082217206
10/31/2008,Industrials,-0.194062816
9/30/2008,Industrials,-0.130176291
8/31/2008,Industrials,0.016494518
7/31/2008,Industrials,0.018518485
6/30/2008,Industrials,-0.113590246
5/31/2008,Industrials,0.023835343
4/30/2008,Industrials,0.025375824
3/31/2008,Industrials,0.021429382
2/29/2008,Industrials,-0.023425004
1/31/2008,Industrials,-0.051469695
12/31/2007,Industrials,-0.005450985
11/30/2007,Industrials,-0.04171155
10/31/2007,Industrials,0.007691982
9/30/2007,Industrials,0.0416083
8/31/2007,Industrials,-3.60E-05
7/31/2007,Industrials,-0.000920824
6/30/2007,Industrials,-0.00157885
5/31/2007,Industrials,0.055443452
4/30/2007,Industrials,0.044350629
3/31/2007,Industrials,0.007839619
2/28/2007,Industrials,-0.007264257
1/31/2007,Industrials,0.02078175
12/31/2006,Industrials,0.008543871
11/30/2006,Industrials,0.026013394
10/31/2006,Industrials,0.031052412
9/30/2006,Industrials,0.032114225
8/31/2006,Industrials,0.004746998
7/31/2006,Industrials,-0.05582725
6/30/2006,Industrials,-0.002922578
5/31/2006,Industrials,-0.024492479
4/30/2006,Industrials,0.020121561
3/31/2006,Industrials,0.047170272
2/28/2006,Industrials,0.030645766
1/31/2006,Industrials,0.017890898
12/31/2005,Industrials,0.004722024
11/30/2005,Industrials,0.056689671
10/31/2005,Industrials,-0.013733794
9/30/2005,Industrials,0.015712297
8/31/2005,Industrials,-0.015451381
7/31/2005,Industrials,0.041004633
6/30/2005,Industrials,-0.018441984
5/31/2005,Industrials,0.034627558
4/30/2005,Industrials,-0.032401123
3/31/2005,Industrials,0.002652886
2/28/2005,Industrials,0.011433604
1/31/2005,Industrials,-0.026825197
12/31/2004,Industrials,0.028935054
11/30/2004,Industrials,0.063241221
10/31/2004,Industrials,0.013211847
9/30/2004,Industrials,0.025838646
8/31/2004,Industrials,-0.003899482
7/31/2004,Industrials,-0.024069392
6/30/2004,Industrials,0.061668856
5/31/2004,Industrials,0.015711712
4/30/2004,Industrials,0.000825743
3/31/2004,Industrials,-0.010608349
2/29/2004,Industrials,-0.008749326
1/31/2004,Industrials,0.013244571
12/31/2003,Industrials,0.059894756
11/30/2003,Industrials,0.01627044
10/31/2003,Industrials,0.058234072
9/30/2003,Industrials,-0.027122669
8/31/2003,Industrials,0.044203266
7/31/2003,Industrials,0.036342527
6/30/2003,Industrials,0.019469741
5/31/2003,Industrials,0.027694278
4/30/2003,Industrials,0.101463719
3/31/2003,Industrials,0.020281109
2/28/2003,Industrials,-0.015745066
1/31/2003,Industrials,-0.047230214
12/31/2002,Industrials,-0.04508788
11/30/2002,Industrials,0.059774235
10/31/2002,Industrials,0.039126218
9/30/2002,Industrials,-0.117855318
8/31/2002,Industrials,-0.025486603
7/31/2002,Industrials,-0.046696472
6/30/2002,Industrials,-0.043878475
5/31/2002,Industrials,-0.00680494
4/30/2002,Industrials,-0.059866996
3/31/2002,Industrials,0.02069899
2/28/2002,Industrials,0.033960156
1/31/2002,Industrials,-0.013496995
12/31/2001,Industrials,0.052566647
11/30/2001,Industrials,0.09066259
10/31/2001,Industrials,0.015671979
9/30/2001,Industrials,-0.129408091
8/31/2001,Industrials,-0.044094034
7/31/2001,Industrials,-0.036245082
6/30/2001,Industrials,-0.02942499
5/31/2001,Industrials,0.029427253
4/30/2001,Industrials,0.109658906
3/31/2001,Industrials,-0.071288484
2/28/2001,Industrials,-0.008926006
1/31/2001,Industrials,-0.011976725
12/31/2000,Industrials,0.019116091
11/30/2000,Industrials,-0.04032748
10/31/2000,Industrials,0.016912257
9/30/2000,Industrials,-0.012287792
8/31/2000,Industrials,0.085611593
7/31/2000,Industrials,0.007340533
6/30/2000,Industrials,-0.02250701
5/31/2000,Industrials,-0.007399049
4/30/2000,Industrials,0.022257121
3/31/2000,Industrials,0.119879733
2/29/2000,Industrials,-0.038905603
1/31/2000,Industrials,-0.103037674
12/31/1999,Industrials,0.102893373
11/30/1999,Industrials,-0.026109827
10/31/1999,Industrials,0.034297382
9/30/1999,Industrials,-0.008426611
8/31/1999,Industrials,-0.021429576
7/31/1999,Industrials,-0.039045302
6/30/1999,Industrials,0.059587113
5/31/1999,Industrials,-0.027085679
4/30/1999,Industrials,0.08294833
3/31/1999,Industrials,0.033119912
2/28/1999,Industrials,-0.029693043
1/31/1999,Industrials,0.007010102
8/31/2019,Information Technology,-0.021317833
7/31/2019,Information Technology,0.03580804
6/30/2019,Information Technology,0.087331602
5/31/2019,Information Technology,-0.086961457
4/30/2019,Information Technology,0.064470352
3/31/2019,Information Technology,0.041517282
2/28/2019,Information Technology,0.073251131
1/31/2019,Information Technology,0.080638459
12/31/2018,Information Technology,-0.084985076
11/30/2018,Information Technology,-0.012771281
10/31/2018,Information Technology,-0.084774939
9/30/2018,Information Technology,-0.00303378
8/31/2018,Information Technology,0.075533327
7/31/2018,Information Technology,0.019391368
6/30/2018,Information Technology,-0.003184104
5/31/2018,Information Technology,0.072482201
4/30/2018,Information Technology,-0.000498649
3/31/2018,Information Technology,-0.033115281
2/28/2018,Information Technology,0.001677596
1/31/2018,Information Technology,0.074315549
12/31/2017,Information Technology,-0.000585304
11/30/2017,Information Technology,0.010967589
10/31/2017,Information Technology,0.073532574
9/30/2017,Information Technology,0.008668557
8/31/2017,Information Technology,0.031682662
7/31/2017,Information Technology,0.041495236
6/30/2017,Information Technology,-0.025349181
5/31/2017,Information Technology,0.044203379
4/30/2017,Information Technology,0.024095796
3/31/2017,Information Technology,0.022330026
2/28/2017,Information Technology,0.049310267
1/31/2017,Information Technology,0.042648526
12/31/2016,Information Technology,0.013716086
11/30/2016,Information Technology,0.00425837
10/31/2016,Information Technology,-0.005620418
9/30/2016,Information Technology,0.025341657
8/31/2016,Information Technology,0.022043406
7/31/2016,Information Technology,0.07659646
6/30/2016,Information Technology,-0.02429018
5/31/2016,Information Technology,0.054448727
4/30/2016,Information Technology,-0.046626453
3/31/2016,Information Technology,0.088272171
2/29/2016,Information Technology,-0.01065304
1/31/2016,Information Technology,-0.056308273
12/31/2015,Information Technology,-0.026861062
11/30/2015,Information Technology,0.01137033
10/31/2015,Information Technology,0.103713894
9/30/2015,Information Technology,-0.011718145
8/31/2015,Information Technology,-0.057601952
7/31/2015,Information Technology,0.022508254
6/30/2015,Information Technology,-0.038019585
5/31/2015,Information Technology,0.024242605
4/30/2015,Information Technology,0.016899998
3/31/2015,Information Technology,-0.026810065
2/28/2015,Information Technology,0.08325597
1/31/2015,Information Technology,-0.035478981
12/31/2014,Information Technology,-0.012728077
11/30/2014,Information Technology,0.048143398
10/31/2014,Information Technology,0.018556317
9/30/2014,Information Technology,-0.011877923
8/31/2014,Information Technology,0.043341538
7/31/2014,Information Technology,0.004431993
6/30/2014,Information Technology,0.02973054
5/31/2014,Information Technology,0.034402134
4/30/2014,Information Technology,-0.007791339
3/31/2014,Information Technology,-0.002604328
2/28/2014,Information Technology,0.048619914
1/31/2014,Information Technology,-0.023273251
12/31/2013,Information Technology,0.044137351
11/30/2013,Information Technology,0.036221374
10/31/2013,Information Technology,0.03717614
9/30/2013,Information Technology,0.038503834
8/31/2013,Information Technology,-0.002509067
7/31/2013,Information Technology,0.052707886
6/30/2013,Information Technology,-0.031881233
5/31/2013,Information Technology,0.04343286
4/30/2013,Information Technology,0.00471922
3/31/2013,Information Technology,0.026452364
2/28/2013,Information Technology,0.005861624
1/31/2013,Information Technology,0.0207048
12/31/2012,Information Technology,0.003359739
11/30/2012,Information Technology,0.014650028
10/31/2012,Information Technology,-0.063731307
9/30/2012,Information Technology,0.012145689
8/31/2012,Information Technology,0.050221565
7/31/2012,Information Technology,0.003212694
6/30/2012,Information Technology,0.029256792
5/31/2012,Information Technology,-0.079381687
4/30/2012,Information Technology,-0.020034808
3/31/2012,Information Technology,0.047411123
2/29/2012,Information Technology,0.068997598
1/31/2012,Information Technology,0.07832854
12/31/2011,Information Technology,-0.010784503
11/30/2011,Information Technology,-0.017739421
10/31/2011,Information Technology,0.121268855
9/30/2011,Information Technology,-0.041356261
8/31/2011,Information Technology,-0.064638107
7/31/2011,Information Technology,-0.000665238
6/30/2011,Information Technology,-0.025671696
5/31/2011,Information Technology,-0.016539619
4/30/2011,Information Technology,0.029819064
3/31/2011,Information Technology,-0.019836034
2/28/2011,Information Technology,0.023959338
1/31/2011,Information Technology,0.040523936
12/31/2010,Information Technology,0.056072892
11/30/2010,Information Technology,-0.008501863
10/31/2010,Information Technology,0.063488505
9/30/2010,Information Technology,0.12541767
8/31/2010,Information Technology,-0.068078749
7/31/2010,Information Technology,0.071185769
6/30/2010,Information Technology,-0.063207638
5/31/2010,Information Technology,-0.078940486
4/30/2010,Information Technology,0.021006556
3/31/2010,Information Technology,0.066872894
2/28/2010,Information Technology,0.044913791
1/31/2010,Information Technology,-0.08195929
12/31/2009,Information Technology,0.063746545
11/30/2009,Information Technology,0.049953605
10/31/2009,Information Technology,-0.01306971
9/30/2009,Information Technology,0.048696809
8/31/2009,Information Technology,0.025591234
7/31/2009,Information Technology,0.091582903
6/30/2009,Information Technology,0.03945666
5/31/2009,Information Technology,0.029222042
4/30/2009,Information Technology,0.128770067
3/31/2009,Information Technology,0.11731655
2/28/2009,Information Technology,-0.040372082
1/31/2009,Information Technology,-0.03447572
12/31/2008,Information Technology,0.021219134
11/30/2008,Information Technology,-0.111516106
10/31/2008,Information Technology,-0.182635594
9/30/2008,Information Technology,-0.12905002
8/31/2008,Information Technology,0.024760185
7/31/2008,Information Technology,-0.012438177
6/30/2008,Information Technology,-0.091492755
5/31/2008,Information Technology,0.062136763
4/30/2008,Information Technology,0.068602396
3/31/2008,Information Technology,0.006545026
2/29/2008,Information Technology,-0.038008661
1/31/2008,Information Technology,-0.124584071
12/31/2007,Information Technology,0.01299111
11/30/2007,Information Technology,-0.079889899
10/31/2007,Information Technology,0.066587856
9/30/2007,Information Technology,0.037113757
8/31/2007,Information Technology,0.025733164
7/31/2007,Information Technology,-0.010159284
6/30/2007,Information Technology,0.005414817
5/31/2007,Information Technology,0.042063509
4/30/2007,Information Technology,0.0494716
3/31/2007,Information Technology,0.007017227
2/28/2007,Information Technology,-0.02276103
1/31/2007,Information Technology,0.016412297
12/31/2006,Information Technology,-0.010425497
11/30/2006,Information Technology,0.032768225
10/31/2006,Information Technology,0.039834685
9/30/2006,Information Technology,0.037097026
8/31/2006,Information Technology,0.077318126
7/31/2006,Information Technology,-0.040279908
6/30/2006,Information Technology,-0.014241941
5/31/2006,Information Technology,-0.07173856
4/30/2006,Information Technology,-0.008798744
3/31/2006,Information Technology,0.02406602
2/28/2006,Information Technology,-0.011408708
1/31/2006,Information Technology,0.041939014
12/31/2005,Information Technology,-0.021407864
11/30/2005,Information Technology,0.064665185
10/31/2005,Information Technology,-0.016705709
9/30/2005,Information Technology,0.00791079
8/31/2005,Information Technology,-0.005344567
7/31/2005,Information Technology,0.060164153
6/30/2005,Information Technology,-0.015147824
5/31/2005,Information Technology,0.08882467
4/30/2005,Information Technology,-0.046030091
3/31/2005,Information Technology,-0.023530873
2/28/2005,Information Technology,0.00371564
1/31/2005,Information Technology,-0.057990388
12/31/2004,Information Technology,0.030974166
11/30/2004,Information Technology,0.052603418
10/31/2004,Information Technology,0.052167978
9/30/2004,Information Technology,0.035094036
8/31/2004,Information Technology,-0.054171664
7/31/2004,Information Technology,-0.085881741
6/30/2004,Information Technology,0.021624908
5/31/2004,Information Technology,0.053641018
4/30/2004,Information Technology,-0.060207638
3/31/2004,Information Technology,-0.027451778
2/29/2004,Information Technology,-0.031757857
1/31/2004,Information Technology,0.040806225
12/31/2003,Information Technology,0.016849119
11/30/2003,Information Technology,0.019479172
10/31/2003,Information Technology,0.093767118
9/30/2003,Information Technology,-0.011768801
8/31/2003,Information Technology,0.064629907
7/31/2003,Information Technology,0.059116832
6/30/2003,Information Technology,-0.001647024
5/31/2003,Information Technology,0.093861241
4/30/2003,Information Technology,0.095062509
3/31/2003,Information Technology,-0.013745955
2/28/2003,Information Technology,0.019928925
1/31/2003,Information Technology,-0.012821848
12/31/2002,Information Technology,-0.14712326
11/30/2002,Information Technology,0.183152334
10/31/2002,Information Technology,0.211415524
9/30/2002,Information Technology,-0.177270233
8/31/2002,Information Technology,-0.016102734
7/31/2002,Information Technology,-0.098563593
6/30/2002,Information Technology,-0.133695723
5/31/2002,Information Technology,-0.042082991
4/30/2002,Information Technology,-0.118081377
3/31/2002,Information Technology,0.078050311
2/28/2002,Information Technology,-0.140894892
1/31/2002,Information Technology,0.008058797
12/31/2001,Information Technology,-0.011114139
11/30/2001,Information Technology,0.167956148
10/31/2001,Information Technology,0.18281637
9/30/2001,Information Technology,-0.208565447
8/31/2001,Information Technology,-0.120590348
7/31/2001,Information Technology,-0.066356592
6/30/2001,Information Technology,0.008678631
5/31/2001,Information Technology,-0.046750238
4/30/2001,Information Technology,0.183167527
3/31/2001,Information Technology,-0.138490861
2/28/2001,Information Technology,-0.279554022
1/31/2001,Information Technology,0.165506027
12/31/2000,Information Technology,-0.084770283
11/30/2000,Information Technology,-0.225939189
10/31/2000,Information Technology,-0.073567185
9/30/2000,Information Technology,-0.161747628
8/31/2000,Information Technology,0.132692033
7/31/2000,Information Technology,-0.055920067
6/30/2000,Information Technology,0.106133628
5/31/2000,Information Technology,-0.112751369
4/30/2000,Information Technology,-0.085850323
3/31/2000,Information Technology,0.047569417
2/29/2000,Information Technology,0.186563119
1/31/2000,Information Technology,-0.047283524
12/31/1999,Information Technology,0.205024922
11/30/1999,Information Technology,0.128055952
10/31/1999,Information Technology,0.030941595
9/30/1999,Information Technology,-0.000837196
8/31/1999,Information Technology,0.05516305
7/31/1999,Information Technology,-0.00995006
6/30/1999,Information Technology,0.119788692
5/31/1999,Information Technology,-0.009157666
4/30/1999,Information Technology,0.018787119
3/31/1999,Information Technology,0.086231765
2/28/1999,Information Technology,-0.120985679
1/31/1999,Information Technology,0.152046666
8/31/2019,Materials,-0.036237022
7/31/2019,Materials,-0.004435966
6/30/2019,Materials,0.119948347
5/31/2019,Materials,-0.092438533
4/30/2019,Materials,0.031190943
3/31/2019,Materials,0.00369613
2/28/2019,Materials,0.035986699
1/31/2019,Materials,0.073632475
12/31/2018,Materials,-0.078271734
11/30/2018,Materials,0.03283869
10/31/2018,Materials,-0.106900726
9/30/2018,Materials,-0.01953625
8/31/2018,Materials,-0.009844864
7/31/2018,Materials,0.030648527
6/30/2018,Materials,-0.003003238
5/31/2018,Materials,0.02325309
4/30/2018,Materials,0.004913961
3/31/2018,Materials,-0.036306304
2/28/2018,Materials,-0.051251173
1/31/2018,Materials,0.036308891
12/31/2017,Materials,0.020239589
11/30/2017,Materials,0.00857941
10/31/2017,Materials,0.036615564
9/30/2017,Materials,0.037998035
8/31/2017,Materials,0.0078731
7/31/2017,Materials,0.012952419
6/30/2017,Materials,0.022603939
5/31/2017,Materials,-0.00554639
4/30/2017,Materials,0.01099794
3/31/2017,Materials,0.003350515
2/28/2017,Materials,0.010573961
1/31/2017,Materials,0.046758971
12/31/2016,Materials,-0.001355839
11/30/2016,Materials,0.083923952
10/31/2016,Materials,-0.025118671
9/30/2016,Materials,-0.006083735
8/31/2016,Materials,-0.000367527
7/31/2016,Materials,0.055269657
6/30/2016,Materials,-0.001610831
5/31/2016,Materials,-0.004137047
4/30/2016,Materials,0.055349718
3/31/2016,Materials,0.092264078
2/29/2016,Materials,0.065430504
1/31/2016,Materials,-0.099804579
12/31/2015,Materials,-0.046061104
11/30/2015,Materials,0.00745584
10/31/2015,Materials,0.128400343
9/30/2015,Materials,-0.078467478
8/31/2015,Materials,-0.054823494
7/31/2015,Materials,-0.050089339
6/30/2015,Materials,-0.037484032
5/31/2015,Materials,0.004480634
4/30/2015,Materials,0.02423757
3/31/2015,Materials,-0.037341894
2/28/2015,Materials,0.079560515
1/31/2015,Materials,-0.028006584
12/31/2014,Materials,-0.002850626
11/30/2014,Materials,0.010324906
10/31/2014,Materials,-0.015207759
9/30/2014,Materials,-0.030595583
8/31/2014,Materials,0.041746245
7/31/2014,Materials,-0.025299896
6/30/2014,Materials,0.024481323
5/31/2014,Materials,0.023955453
4/30/2014,Materials,0.002189882
3/31/2014,Materials,0.007155427
2/28/2014,Materials,0.068053269
1/31/2014,Materials,-0.042747728
12/31/2013,Materials,0.046294743
11/30/2013,Materials,0.012885068
10/31/2013,Materials,0.041642747
9/30/2013,Materials,0.046248749
8/31/2013,Materials,-0.00555075
7/31/2013,Materials,0.056271183
6/30/2013,Materials,-0.045504563
5/31/2013,Materials,0.020840919
4/30/2013,Materials,-0.001751396
3/31/2013,Materials,0.026712885
2/28/2013,Materials,-0.012818345
1/31/2013,Materials,0.038336783
12/31/2012,Materials,0.034441986
11/30/2012,Materials,0.014996611
10/31/2012,Materials,-0.014082053
9/30/2012,Materials,0.039691793
8/31/2012,Materials,0.033539481
7/31/2012,Materials,-0.0069577
6/30/2012,Materials,0.043998982
5/31/2012,Materials,-0.086137009
4/30/2012,Materials,-0.008217782
3/31/2012,Materials,0.005242592
2/29/2012,Materials,-0.001084424
1/31/2012,Materials,0.119407739
12/31/2011,Materials,-0.023200111
11/30/2011,Materials,0.008176254
10/31/2011,Materials,0.180077423
9/30/2011,Materials,-0.170581317
8/31/2011,Materials,-0.074233198
7/31/2011,Materials,-0.024318609
6/30/2011,Materials,-0.010562537
5/31/2011,Materials,-0.026759138
4/30/2011,Materials,0.024174186
3/31/2011,Materials,0.02458773
2/28/2011,Materials,0.027599151
1/31/2011,Materials,0.00248345
12/31/2010,Materials,0.098795077
11/30/2010,Materials,0.015803302
10/31/2010,Materials,0.069962574
9/30/2010,Materials,0.086557103
8/31/2010,Materials,-0.026595691
7/31/2010,Materials,0.118611912
6/30/2010,Materials,-0.078317831
5/31/2010,Materials,-0.08913994
4/30/2010,Materials,0.011611243
3/31/2010,Materials,0.079894987
2/28/2010,Materials,0.053526785
1/31/2010,Materials,-0.082734185
12/31/2009,Materials,0.026724954
11/30/2009,Materials,0.112423813
10/31/2009,Materials,-0.052174448
9/30/2009,Materials,0.057007618
8/31/2009,Materials,0.028670287
7/31/2009,Materials,0.132599099
6/30/2009,Materials,-0.041869719
5/31/2009,Materials,0.064866586
4/30/2009,Materials,0.163743161
3/31/2009,Materials,0.145205234
2/28/2009,Materials,-0.087309781
1/31/2009,Materials,-0.07389929
12/31/2008,Materials,0.013536641
11/30/2008,Materials,-0.11321937
10/31/2008,Materials,-0.23699169
9/30/2008,Materials,-0.189649092
8/31/2008,Materials,-0.028004246
7/31/2008,Materials,-0.036613279
6/30/2008,Materials,-0.054686553
5/31/2008,Materials,0.056267853
4/30/2008,Materials,0.059215471
3/31/2008,Materials,-0.01514911
2/29/2008,Materials,0.030176903
1/31/2008,Materials,-0.046441597
12/31/2007,Materials,0.019670371
11/30/2007,Materials,-0.052058983
10/31/2007,Materials,0.045064028
9/30/2007,Materials,0.073660765
8/31/2007,Materials,-0.002909474
7/31/2007,Materials,-0.022765337
6/30/2007,Materials,-0.002228527
5/31/2007,Materials,0.058319721
4/30/2007,Materials,0.02809684
3/31/2007,Materials,0.019120283
2/28/2007,Materials,0.025940157
1/31/2007,Materials,0.053181594
12/31/2006,Materials,0.008790059
11/30/2006,Materials,0.049587436
10/31/2006,Materials,0.061784027
9/30/2006,Materials,0.003333154
8/31/2006,Materials,0.027032201
7/31/2006,Materials,-0.038958343
6/30/2006,Materials,-0.00128658
5/31/2006,Materials,-0.047172997
4/30/2006,Materials,0.033652391
3/31/2006,Materials,0.05113808
2/28/2006,Materials,-0.015727777
1/31/2006,Materials,0.062716562
12/31/2005,Materials,0.024929614
11/30/2005,Materials,0.070305667
10/31/2005,Materials,-0.007125375
9/30/2005,Materials,0.00661039
8/31/2005,Materials,-0.037036546
7/31/2005,Materials,0.064021038
6/30/2005,Materials,-0.010365598
5/31/2005,Materials,-0.002410774
4/30/2005,Materials,-0.076185593
3/31/2005,Materials,-0.030719766
2/28/2005,Materials,0.081426019
1/31/2005,Materials,-0.030564085
12/31/2004,Materials,0.014467534
11/30/2004,Materials,0.092534494
10/31/2004,Materials,-0.009074223
9/30/2004,Materials,0.046599777
8/31/2004,Materials,0.017226099
7/31/2004,Materials,-0.025055309
6/30/2004,Materials,0.059272727
5/31/2004,Materials,0.022955061
4/30/2004,Materials,-0.045373289
3/31/2004,Materials,-0.013565409
2/29/2004,Materials,0.047994953
1/31/2004,Materials,-0.040513875
12/31/2003,Materials,0.105597203
11/30/2003,Materials,0.026950007
10/31/2003,Materials,0.086011165
9/30/2003,Materials,-0.044262949
8/31/2003,Materials,0.032092215
7/31/2003,Materials,0.071935789
6/30/2003,Materials,0.007185845
5/31/2003,Materials,0.035432241
4/30/2003,Materials,0.090770738
3/31/2003,Materials,0.002930086
2/28/2003,Materials,-0.028083246
1/31/2003,Materials,-0.055957063
12/31/2002,Materials,-0.040236659
11/30/2002,Materials,0.11523453
10/31/2002,Materials,0.03895383
9/30/2002,Materials,-0.124013725
8/31/2002,Materials,-0.004285107
7/31/2002,Materials,-0.117341766
6/30/2002,Materials,-0.017497586
5/31/2002,Materials,0.033526976
4/30/2002,Materials,-0.045822477
3/31/2002,Materials,0.043976907
2/28/2002,Materials,0.049555599
1/31/2002,Materials,0.002506757
12/31/2001,Materials,-0.01089963
11/30/2001,Materials,0.11308924
10/31/2001,Materials,0.031688402
9/30/2001,Materials,-0.120933321
8/31/2001,Materials,-0.00562605
7/31/2001,Materials,0.003751145
6/30/2001,Materials,-0.036555826
5/31/2001,Materials,0.045138178
4/30/2001,Materials,0.090240661
3/31/2001,Materials,-0.037568067
2/28/2001,Materials,0.008967926
1/31/2001,Materials,-0.01565013
12/31/2000,Materials,0.148528957
11/30/2000,Materials,-0.032137834
10/31/2000,Materials,0.096278236
9/30/2000,Materials,-0.095383643
8/31/2000,Materials,0.017743372
7/31/2000,Materials,0.019147683
6/30/2000,Materials,-0.083426773
5/31/2000,Materials,-0.026209298
4/30/2000,Materials,-0.035142557
3/31/2000,Materials,0.105996219
2/29/2000,Materials,-0.090294045
1/31/2000,Materials,-0.112309265
12/31/1999,Materials,0.096151758
11/30/1999,Materials,-0.003078705
10/31/1999,Materials,0.018226474
9/30/1999,Materials,-0.041779982
8/31/1999,Materials,-0.048452253
7/31/1999,Materials,-0.016197764
6/30/1999,Materials,0.041646714
5/31/1999,Materials,-0.059880341
4/30/1999,Materials,0.23508084
3/31/1999,Materials,0.019980537
2/28/1999,Materials,-0.000626974
1/31/1999,Materials,-0.039149992
8/31/2019,Utilities,0.042513734
7/31/2019,Utilities,-0.004757725
6/30/2019,Utilities,0.036576969
5/31/2019,Utilities,-0.012461196
4/30/2019,Utilities,0.011862049
3/31/2019,Utilities,0.028450924
2/28/2019,Utilities,0.04072486
1/31/2019,Utilities,0.040772124
12/31/2018,Utilities,-0.040923925
11/30/2018,Utilities,0.039516163
10/31/2018,Utilities,0.011193002
9/30/2018,Utilities,-0.003684688
8/31/2018,Utilities,0.011265963
7/31/2018,Utilities,0.017758906
6/30/2018,Utilities,0.02447062
5/31/2018,Utilities,-0.003977848
4/30/2018,Utilities,0.024868186
3/31/2018,Utilities,0.040384736
2/28/2018,Utilities,-0.040508421
1/31/2018,Utilities,-0.031638298
12/31/2017,Utilities,-0.059128332
11/30/2017,Utilities,0.027998219
10/31/2017,Utilities,0.040124482
9/30/2017,Utilities,-0.024476587
8/31/2017,Utilities,0.03036992
7/31/2017,Utilities,0.025625368
6/30/2017,Utilities,-0.024182538
5/31/2017,Utilities,0.039516755
4/30/2017,Utilities,0.007840038
3/31/2017,Utilities,-0.00063903
2/28/2017,Utilities,0.04908569
1/31/2017,Utilities,0.012104896
12/31/2016,Utilities,0.047258257
11/30/2016,Utilities,-0.044573413
10/31/2016,Utilities,0.007216567
9/30/2016,Utilities,0.005818922
8/31/2016,Utilities,-0.054263412
7/31/2016,Utilities,-0.007993612
6/30/2016,Utilities,0.076666057
5/31/2016,Utilities,0.01590212
4/30/2016,Utilities,-0.018512281
3/31/2016,Utilities,0.08223378
2/29/2016,Utilities,0.01754229
1/31/2016,Utilities,0.046717647
12/31/2015,Utilities,0.021256436
11/30/2015,Utilities,-0.021467026
10/31/2015,Utilities,0.019672896
9/30/2015,Utilities,0.025881958
8/31/2015,Utilities,-0.036319105
7/31/2015,Utilities,0.054012064
6/30/2015,Utilities,-0.061370008
5/31/2015,Utilities,0.003676783
4/30/2015,Utilities,-0.005447992
3/31/2015,Utilities,-0.007036637
2/28/2015,Utilities,-0.05881206
1/31/2015,Utilities,0.02118329
12/31/2014,Utilities,0.034341792
11/30/2014,Utilities,0.008123382
10/31/2014,Utilities,0.083534855
9/30/2014,Utilities,-0.027726792
8/31/2014,Utilities,0.051821008
7/31/2014,Utilities,-0.069646542
6/30/2014,Utilities,0.04531841
5/31/2014,Utilities,-0.006244361
4/30/2014,Utilities,0.038094852
3/31/2014,Utilities,0.032293666
2/28/2014,Utilities,0.032989159
1/31/2014,Utilities,0.026412737
12/31/2013,Utilities,0.012158756
11/30/2013,Utilities,-0.019336429
10/31/2013,Utilities,0.03936513
9/30/2013,Utilities,0.013876702
8/31/2013,Utilities,-0.052194927
7/31/2013,Utilities,0.044714224
6/30/2013,Utilities,0.008753291
5/31/2013,Utilities,-0.081033537
4/30/2013,Utilities,0.056015172
3/31/2013,Utilities,0.054415807
2/28/2013,Utilities,0.022201988
1/31/2013,Utilities,0.051915592
12/31/2012,Utilities,0.001719114
11/30/2012,Utilities,-0.038340682
10/31/2012,Utilities,0.013366191
9/30/2012,Utilities,0.014170175
8/31/2012,Utilities,-0.035678109
7/31/2012,Utilities,0.027004374
6/30/2012,Utilities,0.038872428
5/31/2012,Utilities,0.000525465
4/30/2012,Utilities,0.018265923
3/31/2012,Utilities,0.012690162
2/29/2012,Utilities,0.006673272
1/31/2012,Utilities,-0.034788171
12/31/2011,Utilities,0.032400945
11/30/2011,Utilities,0.01097103
10/31/2011,Utilities,0.041683755
9/30/2011,Utilities,-0.007107639
8/31/2011,Utilities,0.018324041
7/31/2011,Utilities,-0.011021108
6/30/2011,Utilities,-0.002611326
5/31/2011,Utilities,0.016034338
4/30/2011,Utilities,0.038088709
3/31/2011,Utilities,0.007896227
2/28/2011,Utilities,0.017441081
1/31/2011,Utilities,0.014898039
12/31/2010,Utilities,0.031337046
11/30/2010,Utilities,-0.023596567
10/31/2010,Utilities,0.014939572
9/30/2010,Utilities,0.032237812
8/31/2010,Utilities,0.010462941
7/31/2010,Utilities,0.073696147
6/30/2010,Utilities,-0.008814008
5/31/2010,Utilities,-0.057428574
4/30/2010,Utilities,0.02977202
3/31/2010,Utilities,0.031067315
2/28/2010,Utilities,-0.009278709
1/31/2010,Utilities,-0.046436803
12/31/2009,Utilities,0.056788632
11/30/2009,Utilities,0.045644633
10/31/2009,Utilities,-0.033429322
9/30/2009,Utilities,0.016812169
8/31/2009,Utilities,0.006551674
7/31/2009,Utilities,0.042753229
6/30/2009,Utilities,0.056079061
5/31/2009,Utilities,0.040400532
4/30/2009,Utilities,0.013504561
3/31/2009,Utilities,0.027330238
2/28/2009,Utilities,-0.129363777
1/31/2009,Utilities,-0.00905148
12/31/2008,Utilities,-0.016683724
11/30/2008,Utilities,0.026368963
10/31/2008,Utilities,-0.114133723
9/30/2008,Utilities,-0.115429145
8/31/2008,Utilities,-0.005168848
7/31/2008,Utilities,-0.064224257
6/30/2008,Utilities,-0.014697343
5/31/2008,Utilities,0.032156246
4/30/2008,Utilities,0.058830675
3/31/2008,Utilities,0.010052166
2/29/2008,Utilities,-0.04178597
1/31/2008,Utilities,-0.06785067
12/31/2007,Utilities,0.003288285
11/30/2007,Utilities,-0.003000133
10/31/2007,Utilities,0.064866032
9/30/2007,Utilities,0.0331245
8/31/2007,Utilities,0.022303078
7/31/2007,Utilities,-0.040893945
6/30/2007,Utilities,-0.050653018
5/31/2007,Utilities,0.009660332
4/30/2007,Utilities,0.040747482
3/31/2007,Utilities,0.044089237
2/28/2007,Utilities,0.047124108
1/31/2007,Utilities,-0.001060851
12/31/2006,Utilities,0.009000258
11/30/2006,Utilities,0.027793053
10/31/2006,Utilities,0.055596552
9/30/2006,Utilities,-0.020140309
8/31/2006,Utilities,0.026835065
7/31/2006,Utilities,0.049021845
6/30/2006,Utilities,0.0242095
5/31/2006,Utilities,0.011517031
4/30/2006,Utilities,0.016913984
3/31/2006,Utilities,-0.037043092
2/28/2006,Utilities,0.010003738
1/31/2006,Utilities,0.027632029
12/31/2005,Utilities,0.008373831
11/30/2005,Utilities,-0.002653816
10/31/2005,Utilities,-0.065721088
9/30/2005,Utilities,0.037639405
8/31/2005,Utilities,0.007141876
7/31/2005,Utilities,0.024121808
6/30/2005,Utilities,0.054276276
5/31/2005,Utilities,0.014491581
4/30/2005,Utilities,0.022223103
3/31/2005,Utilities,0.007791752
2/28/2005,Utilities,0.023069768
1/31/2005,Utilities,0.015649641
12/31/2004,Utilities,0.026497823
11/30/2004,Utilities,0.051656244
10/31/2004,Utilities,0.045457742
9/30/2004,Utilities,0.009324764
8/31/2004,Utilities,0.037064869
7/31/2004,Utilities,0.009056774
6/30/2004,Utilities,0.021135905
5/31/2004,Utilities,0.008896272
4/30/2004,Utilities,-0.036101704
3/31/2004,Utilities,0.009759318
2/29/2004,Utilities,0.020408195
1/31/2004,Utilities,0.020195181
12/31/2003,Utilities,0.056848543
11/30/2003,Utilities,0.00899671
10/31/2003,Utilities,0.015486209
9/30/2003,Utilities,0.039794813
8/31/2003,Utilities,0.018628787
7/31/2003,Utilities,-0.051959419
6/30/2003,Utilities,0.010636137
5/31/2003,Utilities,0.101447629
4/30/2003,Utilities,0.080336493
3/31/2003,Utilities,0.044464412
2/28/2003,Utilities,-0.042013266
1/31/2003,Utilities,-0.031489865
12/31/2002,Utilities,0.03747442
11/30/2002,Utilities,0.01865908
10/31/2002,Utilities,-0.007076755
9/30/2002,Utilities,-0.111035338
8/31/2002,Utilities,0.032871115
7/31/2002,Utilities,-0.127841882
6/30/2002,Utilities,-0.062088903
5/31/2002,Utilities,-0.072591234
4/30/2002,Utilities,-0.021232179
3/31/2002,Utilities,0.109444548
2/28/2002,Utilities,-0.011434823
1/31/2002,Utilities,-0.048117031
12/31/2001,Utilities,0.02938211
11/30/2001,Utilities,-0.018399523
10/31/2001,Utilities,0.019016989
9/30/2001,Utilities,-0.091136209
8/31/2001,Utilities,-0.003032613
7/31/2001,Utilities,-0.042188817
6/30/2001,Utilities,-0.070408204
5/31/2001,Utilities,-0.013327919
4/30/2001,Utilities,0.032213473
3/31/2001,Utilities,0.011571879
2/28/2001,Utilities,0.053854244
1/31/2001,Utilities,-0.076849964
12/31/2000,Utilities,0.064607893
11/30/2000,Utilities,0.020683277
10/31/2000,Utilities,-0.038123381
9/30/2000,Utilities,0.094001586
8/31/2000,Utilities,0.126094231
7/31/2000,Utilities,0.050966364
6/30/2000,Utilities,-0.042337918
5/31/2000,Utilities,0.037803136
4/30/2000,Utilities,0.075494327
3/31/2000,Utilities,0.056565849
2/29/2000,Utilities,-0.0659347
1/31/2000,Utilities,0.05592066
12/31/1999,Utilities,-0.01746886
11/30/1999,Utilities,-0.066629922
10/31/1999,Utilities,0.02474994
9/30/1999,Utilities,-0.044539388
8/31/1999,Utilities,0.004646323
7/31/1999,Utilities,-0.006375956
6/30/1999,Utilities,-0.042833147
5/31/1999,Utilities,0.063941065
4/30/1999,Utilities,0.074430718
3/31/1999,Utilities,-0.019142336
2/28/1999,Utilities,-0.03674845
1/31/1999,Utilities,-0.063299479
